cell_id,family,n,query_class,horizon,method,record_count,seed_count,target_time_count,status_counts,selected_hyperparameters,nonfinite_values_total,missing_values_total,operator_mse_mean,operator_mse_std_population,operator_mse_median,operator_mse_q25,operator_mse_q75,operator_mse_min,operator_mse_max,response_mse_mean,response_mse_std_population,response_mse_median,response_mse_q25,response_mse_q75,response_mse_min,response_mse_max,validation_loss_mean,validation_loss_std_population,validation_loss_median,validation_loss_q25,validation_loss_q75,validation_loss_min,validation_loss_max,estimated_spectral_radius_mean,estimated_spectral_radius_std_population,estimated_spectral_radius_median,estimated_spectral_radius_q25,estimated_spectral_radius_q75,estimated_spectral_radius_min,estimated_spectral_radius_max,truth_spectral_radius_mean,truth_spectral_radius_std_population,truth_spectral_radius_median,truth_spectral_radius_q25,truth_spectral_radius_q75,truth_spectral_radius_min,truth_spectral_radius_max,operator_mse_seed_mean_mean,operator_mse_seed_mean_std_population,operator_mse_seed_mean_count,response_mse_seed_mean_mean,response_mse_seed_mean_std_population,response_mse_seed_mean_count,validation_loss_seed_mean_mean,validation_loss_seed_mean_std_population,validation_loss_seed_mean_count
family1|20|cross_generator|H4|causal_temporal_smoother,family1,20,cross_generator,4,causal_temporal_smoother,960,20,48,"{""AVAILABLE"":960,""NONCONVERGED"":0,""NONFINITE"":0,""OUTSIDE_TARGET"":0,""UNSTABLE"":0}","[0.25,0.55,0.85]",0,0,0.0039465133926814755,0.0010795281865763472,0.0038456908860139329,0.0031339282172751499,0.0046797317787276704,0.0014795588006923882,0.0073002228294181213,0.0011966385172378837,0.0003265132868615167,0.0011702607174375744,0.0009487378682930289,0.0014075018864273857,0.00043769811365256878,0.0022433888558240603,0.0068019681463187239,0.00041726217286156686,0.0066602454346956757,0.0064932436752445036,0.0071269740623638557,0.0060118701915072266,0.007624166096974104,0.53119889870218051,0.089915353890559269,0.52737531626303302,0.46848758890720327,0.5856104515656213,0.27404822733835016,0.80254670400147821,0.35185246042929463,0.019846227410303147,0.3528586770005373,0.33871361656328491,0.36495124691806247,0.29488535545054806,0.41300911877221236,0.0039465133926814755,0.00067790829466656238,20,0.0011966385172378837,0.00020109201510376079,20,0.0068019681463187239,0.00041726217286156686,20
family1|20|cross_generator|H4|fixed_rank_basis,family1,20,cross_generator,4,fixed_rank_basis,960,20,48,"{""AVAILABLE"":960,""NONCONVERGED"":0,""NONFINITE"":0,""OUTSIDE_TARGET"":0,""UNSTABLE"":0}","[1,2,3]",0,0,0.002017150515742811,0.00081979679111017262,0.0018376593975691301,0.0014354097692165081,0.0025084300356881975,0.00032345649111961109,0.004792530931017492,0.00058518319156302128,0.00024301993374311866,0.0005373301169749404,0.00041669476970960118,0.00071829537775499946,8.7831068393851041e-05,0.0016354646852642662,0.0065966576114060158,0.00045096839486935704,0.0064520237659293316,0.0063132646945274068,0.0068926841354987152,0.0058639454576650861,0.0076350207150557752,0.40721585377672226,0.077222483389294452,0.40075994150687233,0.35618127301004215,0.44627532628102767,0.2303539713510693,0.68806971061455824,0.35185246042929463,0.019846227410303147,0.3528586770005373,0.33871361656328491,0.36495124691806247,0.29488535545054806,0.41300911877221236,0.002017150515742811,0.00045866403472316218,20,0.00058518319156302128,0.00012908550018569647,20,0.0065966576114060149,0.00045096839486935704,20
family1|20|cross_generator|H4|local_structured,family1,20,cross_generator,4,local_structured,960,20,48,"{""AVAILABLE"":960,""NONCONVERGED"":0,""NONFINITE"":0,""OUTSIDE_TARGET"":0,""UNSTABLE"":0}","[12,16,8]",0,0,0.0040760820866079638,0.001059159256543734,0.0040054143571279597,0.0032792355091632629,0.0047637034983194181,0.0017755542899075519,0.0084958240069078587,0.0012595957745442665,0.00033216540860235647,0.0012282777889211524,0.0010119348487689823,0.0014833440076365994,0.00056235756045820381,0.0025329539176438326,0.0068247123096933354,0.00041024826773193064,0.0067375343174261261,0.0065318844955329974,0.007142944520338982,0.0059959729521501691,0.0076669760465787546,0.55161144796606565,0.093971395747822054,0.55198095110066236,0.48533836736014546,0.61578520778975698,0.27027834445316512,0.84589419622514062,0.35185246042929463,0.019846227410303147,0.3528586770005373,0.33871361656328491,0.36495124691806247,0.29488535545054806,0.41300911877221236,0.0040760820866079638,0.00065561984816714164,20,0.0012595957745442663,0.00019065019062140578,20,0.0068247123096933354,0.00041024826773193064,20
family1|20|cross_generator|H12|causal_temporal_smoother,family1,20,cross_generator,12,causal_temporal_smoother,960,20,48,"{""AVAILABLE"":960,""NONCONVERGED"":0,""NONFINITE"":0,""OUTSIDE_TARGET"":0,""UNSTABLE"":0}","[0.25,0.55,0.85]",0,0,0.0039465133926814755,0.0010795281865763472,0.0038456908860139329,0.0031339282172751499,0.0046797317787276704,0.0014795588006923882,0.0073002228294181213,0.00040177657634649078,0.00011010704144798306,0.00039234915616054419,0.00031868063106380414,0.00047317763621813197,0.00014593140849311262,0.00077790918299327073,0.0068019681463187239,0.00041726217286156686,0.0066602454346956757,0.0064932436752445036,0.0071269740623638557,0.0060118701915072266,0.007624166096974104,0.53119889870218051,0.089915353890559269,0.52737531626303302,0.46848758890720327,0.5856104515656213,0.27404822733835016,0.80254670400147821,0.35185246042929463,0.019846227410303147,0.3528586770005373,0.33871361656328491,0.36495124691806247,0.29488535545054806,0.41300911877221236,0.0039465133926814755,0.00067790829466656238,20,0.00040177657634649078,6.7208069263914426e-05,20,0.0068019681463187239,0.00041726217286156686,20
family1|20|cross_generator|H12|fixed_rank_basis,family1,20,cross_generator,12,fixed_rank_basis,960,20,48,"{""AVAILABLE"":960,""NONCONVERGED"":0,""NONFINITE"":0,""OUTSIDE_TARGET"":0,""UNSTABLE"":0}","[1,2,3]",0,0,0.002017150515742811,0.00081979679111017262,0.0018376593975691301,0.0014354097692165081,0.0025084300356881975,0.00032345649111961109,0.004792530931017492,0.00019535467641992722,8.137399302898041e-05,0.0001793713725023975,0.0001389149146642351,0.00023972114759344051,2.9278586360183776e-05,0.00055324190958682459,0.0065966576114060158,0.00045096839486935704,0.0064520237659293316,0.0063132646945274068,0.0068926841354987152,0.0058639454576650861,0.0076350207150557752,0.40721585377672226,0.077222483389294452,0.40075994150687233,0.35618127301004215,0.44627532628102767,0.2303539713510693,0.68806971061455824,0.35185246042929463,0.019846227410303147,0.3528586770005373,0.33871361656328491,0.36495124691806247,0.29488535545054806,0.41300911877221236,0.002017150515742811,0.00045866403472316218,20,0.00019535467641992725,4.3054425655355457e-05,20,0.0065966576114060149,0.00045096839486935704,20
family1|20|cross_generator|H12|local_structured,family1,20,cross_generator,12,local_structured,960,20,48,"{""AVAILABLE"":960,""NONCONVERGED"":0,""NONFINITE"":0,""OUTSIDE_TARGET"":0,""UNSTABLE"":0}","[12,16,8]",0,0,0.0040760820866079638,0.001059159256543734,0.0040054143571279597,0.0032792355091632629,0.0047637034983194181,0.0017755542899075519,0.0084958240069078587,0.00042390887868289703,0.00011330506473498877,0.00041468156469755496,0.00034164009656207029,0.0004994556194151111,0.00018794891347375552,0.00092216122582691588,0.0068247123096933354,0.00041024826773193064,0.0067375343174261261,0.0065318844955329974,0.007142944520338982,0.0059959729521501691,0.0076669760465787546,0.55161144796606565,0.093971395747822054,0.55198095110066236,0.48533836736014546,0.61578520778975698,0.27027834445316512,0.84589419622514062,0.35185246042929463,0.019846227410303147,0.3528586770005373,0.33871361656328491,0.36495124691806247,0.29488535545054806,0.41300911877221236,0.0040760820866079638,0.00065561984816714164,20,0.00042390887868289703,6.3720317418911203e-05,20,0.0068247123096933354,0.00041024826773193064,20
family1|20|in_family_interpolation|H4|causal_temporal_smoother,family1,20,in_family_interpolation,4,causal_temporal_smoother,960,20,48,"{""AVAILABLE"":960,""NONCONVERGED"":0,""NONFINITE"":0,""OUTSIDE_TARGET"":0,""UNSTABLE"":0}","[0.25,0.55,0.85]",0,0,0.0033940299147023957,0.00077545977272568741,0.0032843133471850781,0.002821985769586715,0.0039073499478711228,0.0016345333618037938,0.0061272662695798109,0.00099157156848890776,0.00024291067980221684,0.00095965253268586186,0.00081371172291455521,0.0011230286667719672,0.00048574157596438798,0.0021894776756954267,0.0068019681463187239,0.00041726217286156686,0.0066602454346956757,0.0064932436752445036,0.0071269740623638557,0.0060118701915072266,0.007624166096974104,0.48720412060028084,0.091133083735536843,0.48308164407828352,0.41859401091618409,0.55165008143466965,0.26337841496903786,0.80949336639461356,0.31404625685625709,0.016246948650708627,0.31430217795419468,0.30418994226526902,0.32369742998745538,0.27411613784684102,0.3631210809111805,0.0033940299147023957,0.00044458177533835303,20,0.00099157156848890776,0.00013229749139776503,20,0.0068019681463187239,0.00041726217286156686,20
family1|20|in_family_interpolation|H4|fixed_rank_basis,family1,20,in_family_interpolation,4,fixed_rank_basis,960,20,48,"{""AVAILABLE"":960,""NONCONVERGED"":0,""NONFINITE"":0,""OUTSIDE_TARGET"":0,""UNSTABLE"":0}","[1,2,3]",0,0,0.0016150845638385179,0.00076784571751476848,0.0014457889759261716,0.0010578248653307942,0.0019367185687401032,0.00040297728549891347,0.0057432446562207121,0.00044974146127187815,0.00021240172033027565,0.00039838333872808484,0.0002980672400408301,0.00053778072024410575,0.00011017499056898425,0.001670686298923336,0.0065966576114060158,0.00045096839486935704,0.0064520237659293316,0.0063132646945274068,0.0068926841354987152,0.0058639454576650861,0.0076350207150557752,0.34923719415768756,0.057015636274826309,0.33677223282783564,0.30895271091574833,0.38722372113660175,0.23649888996648391,0.65099666498180109,0.31404625685625709,0.016246948650708627,0.31430217795419468,0.30418994226526902,0.32369742998745538,0.27411613784684102,0.3631210809111805,0.0016150845638385181,0.00050091225064929619,20,0.00044974146127187809,0.00013781803029452202,20,0.0065966576114060149,0.00045096839486935704,20
family1|20|in_family_interpolation|H4|local_structured,family1,20,in_family_interpolation,4,local_structured,960,20,48,"{""AVAILABLE"":960,""NONCONVERGED"":0,""NONFINITE"":0,""OUTSIDE_TARGET"":0,""UNSTABLE"":0}","[12,16,8]",0,0,0.0035172660012895754,0.00081520541112983205,0.0034363164219335255,0.0029281146922655365,0.0040182695152093245,0.0016045133910840626,0.007249158268814687,0.0010468918099774858,0.00026614327267519296,0.0010127118548312792,0.00085789175107393542,0.0011902673546803008,0.00051432802290280399,0.002332286353596137,0.0068247123096933354,0.00041024826773193064,0.0067375343174261261,0.0065318844955329974,0.007142944520338982,0.0059959729521501691,0.0076669760465787546,0.50705919986666315,0.095686937042656031,0.50388896498847535,0.43654035920754075,0.57223818202643262,0.27850314284668265,0.84519276701759538,0.31404625685625709,0.016246948650708627,0.31430217795419468,0.30418994226526902,0.32369742998745538,0.27411613784684102,0.3631210809111805,0.0035172660012895754,0.00049794919519824182,20,0.001046891809977486,0.00014377894918707882,20,0.0068247123096933354,0.00041024826773193064,20
family1|20|in_family_interpolation|H12|causal_temporal_smoother,family1,20,in_family_interpolation,12,causal_temporal_smoother,960,20,48,"{""AVAILABLE"":960,""NONCONVERGED"":0,""NONFINITE"":0,""OUTSIDE_TARGET"":0,""UNSTABLE"":0}","[0.25,0.55,0.85]",0,0,0.0033940299147023957,0.00077545977272568741,0.0032843133471850781,0.002821985769586715,0.0039073499478711228,0.0016345333618037938,0.0061272662695798109,0.00033194264468269444,8.2825426818730404e-05,0.00032085166491981233,0.00027156765000710002,0.00037687497682148624,0.00016191930746610908,0.00080693664469149102,0.0068019681463187239,0.00041726217286156686,0.0066602454346956757,0.0064932436752445036,0.0071269740623638557,0.0060118701915072266,0.007624166096974104,0.48720412060028084,0.091133083735536843,0.48308164407828352,0.41859401091618409,0.55165008143466965,0.26337841496903786,0.80949336639461356,0.31404625685625709,0.016246948650708627,0.31430217795419468,0.30418994226526902,0.32369742998745538,0.27411613784684102,0.3631210809111805,0.0033940299147023957,0.00044458177533835303,20,0.00033194264468269444,4.4631038860967192e-05,20,0.0068019681463187239,0.00041726217286156686,20
family1|20|in_family_interpolation|H12|fixed_rank_basis,family1,20,in_family_interpolation,12,fixed_rank_basis,960,20,48,"{""AVAILABLE"":960,""NONCONVERGED"":0,""NONFINITE"":0,""OUTSIDE_TARGET"":0,""UNSTABLE"":0}","[1,2,3]",0,0,0.0016150845638385179,0.00076784571751476848,0.0014457889759261716,0.0010578248653307942,0.0019367185687401032,0.00040297728549891347,0.0057432446562207121,0.00014997812242837681,7.0895626090129317e-05,0.00013281571552343081,9.9365403617844464e-05,0.00017929221140841563,3.6726841074374657e-05,0.00056193866561393279,0.0065966576114060158,0.00045096839486935704,0.0064520237659293316,0.0063132646945274068,0.0068926841354987152,0.0058639454576650861,0.0076350207150557752,0.34923719415768756,0.057015636274826309,0.33677223282783564,0.30895271091574833,0.38722372113660175,0.23649888996648391,0.65099666498180109,0.31404625685625709,0.016246948650708627,0.31430217795419468,0.30418994226526902,0.32369742998745538,0.27411613784684102,0.3631210809111805,0.0016150845638385181,0.00050091225064929619,20,0.00014997812242837681,4.5983378002030844e-05,20,0.0065966576114060149,0.00045096839486935704,20
family1|20|in_family_interpolation|H12|local_structured,family1,20,in_family_interpolation,12,local_structured,960,20,48,"{""AVAILABLE"":960,""NONCONVERGED"":0,""NONFINITE"":0,""OUTSIDE_TARGET"":0,""UNSTABLE"":0}","[12,16,8]",0,0,0.0035172660012895754,0.00081520541112983205,0.0034363164219335255,0.0029281146922655365,0.0040182695152093245,0.0016045133910840626,0.007249158268814687,0.00035119124597713839,9.1878386488432977e-05,0.00033875426465217932,0.00028663291871693151,0.00039980745016934496,0.00017145493415036408,0.00091018218676262657,0.0068247123096933354,0.00041024826773193064,0.0067375343174261261,0.0065318844955329974,0.007142944520338982,0.0059959729521501691,0.0076669760465787546,0.50705919986666315,0.095686937042656031,0.50388896498847535,0.43654035920754075,0.57223818202643262,0.27850314284668265,0.84519276701759538,0.31404625685625709,0.016246948650708627,0.31430217795419468,0.30418994226526902,0.32369742998745538,0.27411613784684102,0.3631210809111805,0.0035172660012895754,0.00049794919519824182,20,0.00035119124597713834,4.8617292926309828e-05,20,0.0068247123096933354,0.00041024826773193064,20
family1|50|cross_generator|H4|causal_temporal_smoother,family1,50,cross_generator,4,causal_temporal_smoother,960,20,48,"{""AVAILABLE"":960,""NONCONVERGED"":0,""NONFINITE"":0,""OUTSIDE_TARGET"":0,""UNSTABLE"":0}","[0.25,0.55,0.85]",0,0,0.0015154935318451128,0.00023974296849830218,0.0015088382456568267,0.0013394016448987254,0.0016657462123453178,0.00092566418847826878,0.0022318503999151319,0.00044492226448451957,7.5000646446889027e-05,0.00044488638431330212,0.00038877770918612609,0.0004936325427868486,0.0002482590944189925,0.00067391813701556027,0.0069303030083371223,0.00033848064058410903,0.007018031219952205,0.0067123049268471881,0.0071281244292321008,0.0063237129636506788,0.0074924542576896638,0.56092674750397864,0.079221027695759921,0.55581684266963038,0.50419476523528384,0.61424951397901362,0.32862673206475385,0.81727070449112871,0.36328693453027444,0.016729430123363326,0.36298804645176391,0.3523458258022939,0.37414517271534831,0.31107675307233806,0.40275740800541854,0.0015154935318451128,0.00015145370500724018,20,0.00044492226448451957,5.16200889679812e-05,20,0.0069303030083371214,0.00033848064058410903,20
family1|50|cross_generator|H4|fixed_rank_basis,family1,50,cross_generator,4,fixed_rank_basis,960,20,48,"{""AVAILABLE"":960,""NONCONVERGED"":0,""NONFINITE"":0,""OUTSIDE_TARGET"":0,""UNSTABLE"":0}","[1,2,3]",0,0,0.00071555961273883184,0.00025704509761949492,0.00065948670487424375,0.00052403653020565637,0.00086612699115457827,0.00028204389555291709,0.0016924479148928012,0.00020670909686750012,7.5263173156986905e-05,0.00019060973159266167,0.00014986514845242248,0.00024842888587395717,7.8822039166341786e-05,0.00050959168189476602,0.0067152737472738026,0.00031255591534631589,0.0068204629285099332,0.0065353688291919778,0.0068981893498611183,0.0060541733786330905,0.0072590017304898303,0.45761558718043738,0.088087558716492181,0.44037622267560678,0.39768338993755115,0.49929300573153984,0.27264722769698185,0.77833393609753454,0.36328693453027444,0.016729430123363326,0.36298804645176391,0.3523458258022939,0.37414517271534831,0.31107675307233806,0.40275740800541854,0.00071555961273883184,0.00014017498082657731,20,0.00020670909686750015,4.0530068904628558e-05,20,0.0067152737472738018,0.00031255591534631589,20
family1|50|cross_generator|H4|local_structured,family1,50,cross_generator,4,local_structured,960,20,48,"{""AVAILABLE"":960,""NONCONVERGED"":0,""NONFINITE"":0,""OUTSIDE_TARGET"":0,""UNSTABLE"":0}","[12,16,8]",0,0,0.0015654798687647243,0.00028205701130793213,0.001542315150537649,0.0013702095778467542,0.0017259017399743326,0.00075932912608802044,0.0028043192456900195,0.00046576314464184056,8.9687075555237966e-05,0.00046039249779386505,0.00040639742776638494,0.00051302460609053762,0.00021649982785721698,0.00090331519754970296,0.0069296889866321898,0.00033848086891440484,0.0070234776091990699,0.0066567585122897389,0.0071172488830484821,0.0063348859146967638,0.0074619318317006396,0.58063483815167294,0.080718683674314048,0.57615825676531651,0.520781065043876,0.62925765663867084,0.35505324989876752,0.88791907128365066,0.36328693453027444,0.016729430123363326,0.36298804645176391,0.3523458258022939,0.37414517271534831,0.31107675307233806,0.40275740800541854,0.0015654798687647243,0.00018509602176101865,20,0.00046576314464184061,6.1843525813139771e-05,20,0.006929688986632189,0.00033848086891440484,20
family1|50|cross_generator|H12|causal_temporal_smoother,family1,50,cross_generator,12,causal_temporal_smoother,960,20,48,"{""AVAILABLE"":960,""NONCONVERGED"":0,""NONFINITE"":0,""OUTSIDE_TARGET"":0,""UNSTABLE"":0}","[0.25,0.55,0.85]",0,0,0.0015154935318451128,0.00023974296849830218,0.0015088382456568267,0.0013394016448987254,0.0016657462123453178,0.00092566418847826878,0.0022318503999151319,0.0001489763962722496,2.5354679257927068e-05,0.00014882781131476432,0.00012993474330720778,0.00016557914414462384,8.2776807785019493e-05,0.00022768011714502127,0.0069303030083371223,0.00033848064058410903,0.007018031219952205,0.0067123049268471881,0.0071281244292321008,0.0063237129636506788,0.0074924542576896638,0.56092674750397864,0.079221027695759921,0.55581684266963038,0.50419476523528384,0.61424951397901362,0.32862673206475385,0.81727070449112871,0.36328693453027444,0.016729430123363326,0.36298804645176391,0.3523458258022939,0.37414517271534831,0.31107675307233806,0.40275740800541854,0.0015154935318451128,0.00015145370500724018,20,0.0001489763962722496,1.7450498656463344e-05,20,0.0069303030083371214,0.00033848064058410903,20
family1|50|cross_generator|H12|fixed_rank_basis,family1,50,cross_generator,12,fixed_rank_basis,960,20,48,"{""AVAILABLE"":960,""NONCONVERGED"":0,""NONFINITE"":0,""OUTSIDE_TARGET"":0,""UNSTABLE"":0}","[1,2,3]",0,0,0.00071555961273883184,0.00025704509761949492,0.00065948670487424375,0.00052403653020565637,0.00086612699115457827,0.00028204389555291709,0.0016924479148928012,6.9095277381149681e-05,2.5191618084746809e-05,6.4201577771710064e-05,5.0149897898314264e-05,8.2891061565054002e-05,2.6277573481979931e-05,0.00017165632143209973,0.0067152737472738026,0.00031255591534631589,0.0068204629285099332,0.0065353688291919778,0.0068981893498611183,0.0060541733786330905,0.0072590017304898303,0.45761558718043738,0.088087558716492181,0.44037622267560678,0.39768338993755115,0.49929300573153984,0.27264722769698185,0.77833393609753454,0.36328693453027444,0.016729430123363326,0.36298804645176391,0.3523458258022939,0.37414517271534831,0.31107675307233806,0.40275740800541854,0.00071555961273883184,0.00014017498082657731,20,6.9095277381149681e-05,1.3529022177650057e-05,20,0.0067152737472738018,0.00031255591534631589,20
family1|50|cross_generator|H12|local_structured,family1,50,cross_generator,12,local_structured,960,20,48,"{""AVAILABLE"":960,""NONCONVERGED"":0,""NONFINITE"":0,""OUTSIDE_TARGET"":0,""UNSTABLE"":0}","[12,16,8]",0,0,0.0015654798687647243,0.00028205701130793213,0.001542315150537649,0.0013702095778467542,0.0017259017399743326,0.00075932912608802044,0.0028043192456900195,0.00015632030007511048,3.0843896262573587e-05,0.00015413802262512292,0.00013589889596196471,0.00017241448815402566,7.2338026340387117e-05,0.00030556057584183929,0.0069296889866321898,0.00033848086891440484,0.0070234776091990699,0.0066567585122897389,0.0071172488830484821,0.0063348859146967638,0.0074619318317006396,0.58063483815167294,0.080718683674314048,0.57615825676531651,0.520781065043876,0.62925765663867084,0.35505324989876752,0.88791907128365066,0.36328693453027444,0.016729430123363326,0.36298804645176391,0.3523458258022939,0.37414517271534831,0.31107675307233806,0.40275740800541854,0.0015654798687647243,0.00018509602176101865,20,0.00015632030007511048,2.1020218082344574e-05,20,0.006929688986632189,0.00033848086891440484,20
family1|50|in_family_interpolation|H4|causal_temporal_smoother,family1,50,in_family_interpolation,4,causal_temporal_smoother,960,20,48,"{""AVAILABLE"":960,""NONCONVERGED"":0,""NONFINITE"":0,""OUTSIDE_TARGET"":0,""UNSTABLE"":0}","[0.25,0.55,0.85]",0,0,0.0011593274264373712,0.00016260437565299436,0.0011540808241817051,0.0010581112307073998,0.0012511431687561624,0.00076365736816414137,0.0018297359865073687,0.00033064601585356318,4.9786541123384146e-05,0.00032716838789140798,0.00029712880778819486,0.00036173293049451773,0.00021572226147105288,0.00053486907181111477,0.0069303030083371223,0.00033848064058410903,0.007018031219952205,0.0067123049268471881,0.0071281244292321008,0.0063237129636506788,0.0074924542576896638,0.53511547313608998,0.081916613313976525,0.5293385863645188,0.47628285707183565,0.59143471018856375,0.35370735406133375,0.81775396696664382,0.30425866043255922,0.01275996934720367,0.30225536374055484,0.29495328953091055,0.3129171301532504,0.27900816356447805,0.33689250729340164,0.0011593274264373715,8.8619917841541485e-05,20,0.00033064601585356318,2.6865429159490847e-05,20,0.0069303030083371214,0.00033848064058410903,20
family1|50|in_family_interpolation|H4|fixed_rank_basis,family1,50,in_family_interpolation,4,fixed_rank_basis,960,20,48,"{""AVAILABLE"":960,""NONCONVERGED"":0,""NONFINITE"":0,""OUTSIDE_TARGET"":0,""UNSTABLE"":0}","[1,2,3]",0,0,0.00051047052704269677,0.00017593533585038394,0.00045844853228464244,0.00038655949514404954,0.00059460907623647944,0.00023416962165453484,0.0011793637386827616,0.00014064585497987521,4.9174319557540796e-05,0.00012695286841847927,0.00010569825877446163,0.00016222262975882688,6.3362725993341691e-05,0.00031968782319757725,0.0067152737472738026,0.00031255591534631589,0.0068204629285099332,0.0065353688291919778,0.0068981893498611183,0.0060541733786330905,0.0072590017304898303,0.365736382605026,0.063322607756970753,0.35155815257746814,0.31855635931196913,0.40248312431302735,0.26656238675496086,0.71182440865320729,0.30425866043255922,0.01275996934720367,0.30225536374055484,0.29495328953091055,0.3129171301532504,0.27900816356447805,0.33689250729340164,0.00051047052704269677,0.0001082677239560786,20,0.00014064585497987521,3.0266087447090311e-05,20,0.0067152737472738018,0.00031255591534631589,20
family1|50|in_family_interpolation|H4|local_structured,family1,50,in_family_interpolation,4,local_structured,960,20,48,"{""AVAILABLE"":960,""NONCONVERGED"":0,""NONFINITE"":0,""OUTSIDE_TARGET"":0,""UNSTABLE"":0}","[12,16,8]",0,0,0.001208879885230681,0.000209260710957068,0.0011781639125033392,0.0010745557459948176,0.0012985838003145662,0.00071675198200050843,0.0025002221366735803,0.00035074990506915474,6.6302014975695844e-05,0.00034002151220854162,0.00030745243815076767,0.00037985542873435066,0.00021223605857981584,0.00071754743845925276,0.0069296889866321898,0.00033848086891440484,0.0070234776091990699,0.0066567585122897389,0.0071172488830484821,0.0063348859146967638,0.0074619318317006396,0.55910802240196145,0.084495748557311887,0.54852016111789426,0.49951875571596727,0.61162287036015084,0.36289769998340893,0.88821218958966575,0.30425866043255922,0.01275996934720367,0.30225536374055484,0.29495328953091055,0.3129171301532504,0.27900816356447805,0.33689250729340164,0.0012088798852306812,0.00013924056481084463,20,0.00035074990506915474,4.1833076992568073e-05,20,0.006929688986632189,0.00033848086891440484,20
family1|50|in_family_interpolation|H12|causal_temporal_smoother,family1,50,in_family_interpolation,12,causal_temporal_smoother,960,20,48,"{""AVAILABLE"":960,""NONCONVERGED"":0,""NONFINITE"":0,""OUTSIDE_TARGET"":0,""UNSTABLE"":0}","[0.25,0.55,0.85]",0,0,0.0011593274264373712,0.00016260437565299436,0.0011540808241817051,0.0010581112307073998,0.0012511431687561624,0.00076365736816414137,0.0018297359865073687,0.00011063704092003165,1.696234176532299e-05,0.00010928928240687031,9.9253997092581589e-05,0.00012113580269887205,7.1946585685100806e-05,0.00017904627040447093,0.0069303030083371223,0.00033848064058410903,0.007018031219952205,0.0067123049268471881,0.0071281244292321008,0.0063237129636506788,0.0074924542576896638,0.53511547313608998,0.081916613313976525,0.5293385863645188,0.47628285707183565,0.59143471018856375,0.35370735406133375,0.81775396696664382,0.30425866043255922,0.01275996934720367,0.30225536374055484,0.29495328953091055,0.3129171301532504,0.27900816356447805,0.33689250729340164,0.0011593274264373715,8.8619917841541485e-05,20,0.00011063704092003166,9.1065607743309565e-06,20,0.0069303030083371214,0.00033848064058410903,20
family1|50|in_family_interpolation|H12|fixed_rank_basis,family1,50,in_family_interpolation,12,fixed_rank_basis,960,20,48,"{""AVAILABLE"":960,""NONCONVERGED"":0,""NONFINITE"":0,""OUTSIDE_TARGET"":0,""UNSTABLE"":0}","[1,2,3]",0,0,0.00051047052704269677,0.00017593533585038394,0.00045844853228464244,0.00038655949514404954,0.00059460907623647944,0.00023416962165453484,0.0011793637386827616,4.6898815040452308e-05,1.6417094718506942e-05,4.2320906344135121e-05,3.5234374566030483e-05,5.4080915372928725e-05,2.1121914452273364e-05,0.0001066344657143362,0.0067152737472738026,0.00031255591534631589,0.0068204629285099332,0.0065353688291919778,0.0068981893498611183,0.0060541733786330905,0.0072590017304898303,0.365736382605026,0.063322607756970753,0.35155815257746814,0.31855635931196913,0.40248312431302735,0.26656238675496086,0.71182440865320729,0.30425866043255922,0.01275996934720367,0.30225536374055484,0.29495328953091055,0.3129171301532504,0.27900816356447805,0.33689250729340164,0.00051047052704269677,0.0001082677239560786,20,4.6898815040452308e-05,1.0099584158035882e-05,20,0.0067152737472738018,0.00031255591534631589,20
family1|50|in_family_interpolation|H12|local_structured,family1,50,in_family_interpolation,12,local_structured,960,20,48,"{""AVAILABLE"":960,""NONCONVERGED"":0,""NONFINITE"":0,""OUTSIDE_TARGET"":0,""UNSTABLE"":0}","[12,16,8]",0,0,0.001208879885230681,0.000209260710957068,0.0011781639125033392,0.0010745557459948176,0.0012985838003145662,0.00071675198200050843,0.0025002221366735803,0.00011770525072962447,2.3144444190239655e-05,0.00011374929569586378,0.00010268996377668839,0.00012721570485899278,7.125959986102552e-05,0.00024001993136551095,0.0069296889866321898,0.00033848086891440484,0.0070234776091990699,0.0066567585122897389,0.0071172488830484821,0.0063348859146967638,0.0074619318317006396,0.55910802240196145,0.084495748557311887,0.54852016111789426,0.49951875571596727,0.61162287036015084,0.36289769998340893,0.88821218958966575,0.30425866043255922,0.01275996934720367,0.30225536374055484,0.29495328953091055,0.3129171301532504,0.27900816356447805,0.33689250729340164,0.0012088798852306812,0.00013924056481084463,20,0.00011770525072962445,1.4182366329821765e-05,20,0.006929688986632189,0.00033848086891440484,20
family2|20|cross_generator|H4|causal_temporal_smoother,family2,20,cross_generator,4,causal_temporal_smoother,960,20,48,"{""AVAILABLE"":960,""NONCONVERGED"":0,""NONFINITE"":0,""OUTSIDE_TARGET"":0,""UNSTABLE"":0}","[0.25,0.55,0.85]",0,0,0.0023485130940701414,0.00077769915036669671,0.0021884377642214883,0.0017917935387135966,0.0027928495582314073,0.00089555417068676519,0.0054379534132137312,0.00062804187570153361,0.00020619164983359686,0.00058652673665361514,0.00047827146861303862,0.00074888724242472185,0.00024593054654281448,0.0014517309087540018,0.0065644759463290058,0.0004084567178479552,0.0064481298678943748,0.0063161842348052862,0.0068654797047777152,0.0057365864582342441,0.0072930556678252878,0.36246498735904958,0.089881934675479058,0.36026625370551879,0.29332243995245633,0.41934636363559658,0.15484558006157678,0.67889301121731527,0.3392806282083195,0.022919085351494256,0.3394027823439914,0.32466023673733174,0.35599423028443655,0.27276374714205565,0.40559715416105363,0.0023485130940701414,0.00053056779406695999,20,0.00062804187570153361,0.00014043929366582895,20,0.0065644759463290058,0.0004084567178479552,20
family2|20|cross_generator|H4|fixed_rank_basis,family2,20,cross_generator,4,fixed_rank_basis,960,20,48,"{""AVAILABLE"":960,""NONCONVERGED"":0,""NONFINITE"":0,""OUTSIDE_TARGET"":0,""UNSTABLE"":0}","[1,2,3]",0,0,0.0019447215803324635,0.00071343475603896612,0.0018304345882961483,0.0014571870797876565,0.002273101092403698,0.00065757752227109422,0.0046882879094550522,0.00051763210827426365,0.00018836039188643814,0.00048338275172138596,0.00038831659032682658,0.00059948543477499094,0.00017176312946210484,0.0012583787483116113,0.0065213151417336385,0.00041758108427115964,0.0063453202050264322,0.0062378729945036229,0.0068306690731940074,0.0057597026814891943,0.0073283655770289211,0.33631471473565094,0.083608531220897536,0.32741191452678531,0.27408137421580692,0.39078939690016201,0.15517822134133488,0.69268997641289953,0.3392806282083195,0.022919085351494256,0.3394027823439914,0.32466023673733174,0.35599423028443655,0.27276374714205565,0.40559715416105363,0.0019447215803324632,0.00051217319770649125,20,0.00051763210827426365,0.00013544676056778004,20,0.0065213151417336385,0.00041758108427115964,20
family2|20|cross_generator|H4|local_structured,family2,20,cross_generator,4,local_structured,960,20,48,"{""AVAILABLE"":960,""NONCONVERGED"":0,""NONFINITE"":0,""OUTSIDE_TARGET"":0,""UNSTABLE"":0}","[12,16,8]",0,0,0.0023702954508625093,0.00076990282851528268,0.0022599168608390873,0.0018005447222482608,0.0027758538568703607,0.00086427724653794283,0.0055955992643929231,0.00063442988392416709,0.00020583448236622052,0.00060011680025105004,0.00048513122074079264,0.00074775656784411507,0.00023131419555482097,0.0014804704637000681,0.0065658928961757667,0.00039848744148762949,0.0064678238877001592,0.0063116622418383532,0.0068517317657818873,0.0057329268839605802,0.0072820866840607526,0.36428621726131599,0.091782756108895233,0.35712103720391442,0.30129105432700726,0.42315636655460731,0.13667643869164342,0.67770987179253062,0.3392806282083195,0.022919085351494256,0.3394027823439914,0.32466023673733174,0.35599423028443655,0.27276374714205565,0.40559715416105363,0.0023702954508625093,0.0005301223077642872,20,0.00063442988392416709,0.00014084734419272918,20,0.0065658928961757667,0.00039848744148762949,20
family2|20|cross_generator|H12|causal_temporal_smoother,family2,20,cross_generator,12,causal_temporal_smoother,960,20,48,"{""AVAILABLE"":960,""NONCONVERGED"":0,""NONFINITE"":0,""OUTSIDE_TARGET"":0,""UNSTABLE"":0}","[0.25,0.55,0.85]",0,0,0.0023485130940701414,0.00077769915036669671,0.0021884377642214883,0.0017917935387135966,0.0027928495582314073,0.00089555417068676519,0.0054379534132137312,0.00020947073857141511,6.879313982316977e-05,0.00019559643563769622,0.00015942926577621592,0.00024970577100932894,8.2013432800593801e-05,0.00048428304912518538,0.0065644759463290058,0.0004084567178479552,0.0064481298678943748,0.0063161842348052862,0.0068654797047777152,0.0057365864582342441,0.0072930556678252878,0.36246498735904958,0.089881934675479058,0.36026625370551879,0.29332243995245633,0.41934636363559658,0.15484558006157678,0.67889301121731527,0.3392806282083195,0.022919085351494256,0.3394027823439914,0.32466023673733174,0.35599423028443655,0.27276374714205565,0.40559715416105363,0.0023485130940701414,0.00053056779406695999,20,0.00020947073857141511,4.6810677788150021e-05,20,0.0065644759463290058,0.0004084567178479552,20
family2|20|cross_generator|H12|fixed_rank_basis,family2,20,cross_generator,12,fixed_rank_basis,960,20,48,"{""AVAILABLE"":960,""NONCONVERGED"":0,""NONFINITE"":0,""OUTSIDE_TARGET"":0,""UNSTABLE"":0}","[1,2,3]",0,0,0.0019447215803324635,0.00071343475603896612,0.0018304345882961483,0.0014571870797876565,0.002273101092403698,0.00065757752227109422,0.0046882879094550522,0.00017262816628885226,6.2838002222412139e-05,0.00016153064971096055,0.00012944083732417563,0.00019988031644751133,5.7255688245946128e-05,0.00042037805733532562,0.0065213151417336385,0.00041758108427115964,0.0063453202050264322,0.0062378729945036229,0.0068306690731940074,0.0057597026814891943,0.0073283655770289211,0.33631471473565094,0.083608531220897536,0.32741191452678531,0.27408137421580692,0.39078939690016201,0.15517822134133488,0.69268997641289953,0.3392806282083195,0.022919085351494256,0.3394027823439914,0.32466023673733174,0.35599423028443655,0.27276374714205565,0.40559715416105363,0.0019447215803324632,0.00051217319770649125,20,0.00017262816628885229,4.515373138861013e-05,20,0.0065213151417336385,0.00041758108427115964,20
family2|20|cross_generator|H12|local_structured,family2,20,cross_generator,12,local_structured,960,20,48,"{""AVAILABLE"":960,""NONCONVERGED"":0,""NONFINITE"":0,""OUTSIDE_TARGET"":0,""UNSTABLE"":0}","[12,16,8]",0,0,0.0023702954508625093,0.00076990282851528268,0.0022599168608390873,0.0018005447222482608,0.0027758538568703607,0.00086427724653794283,0.0055955992643929231,0.00021162243501550351,6.8715781268558564e-05,0.00020006343553999198,0.00016174767570875971,0.00024962095571040408,7.7121881546212122e-05,0.00049375660820066749,0.0065658928961757667,0.00039848744148762949,0.0064678238877001592,0.0063116622418383532,0.0068517317657818873,0.0057329268839605802,0.0072820866840607526,0.36428621726131599,0.091782756108895233,0.35712103720391442,0.30129105432700726,0.42315636655460731,0.13667643869164342,0.67770987179253062,0.3392806282083195,0.022919085351494256,0.3394027823439914,0.32466023673733174,0.35599423028443655,0.27276374714205565,0.40559715416105363,0.0023702954508625093,0.0005301223077642872,20,0.00021162243501550351,4.6965769254630564e-05,20,0.0065658928961757667,0.00039848744148762949,20
family2|20|in_family_interpolation|H4|causal_temporal_smoother,family2,20,in_family_interpolation,4,causal_temporal_smoother,960,20,48,"{""AVAILABLE"":960,""NONCONVERGED"":0,""NONFINITE"":0,""OUTSIDE_TARGET"":0,""UNSTABLE"":0}","[0.25,0.55,0.85]",0,0,0.0016633177759463834,0.00037241399926713533,0.0016013651925378767,0.0013902083581604169,0.0018999756665169878,0.00063763076552833878,0.0031636339418243463,0.00043651283966246148,0.00010188730435252144,0.00042202815964185943,0.0003630497690869629,0.00049784607793987019,0.00016989821042932691,0.00094661899117361474,0.0065644759463290058,0.0004084567178479552,0.0064481298678943748,0.0063161842348052862,0.0068654797047777152,0.0057365864582342441,0.0072930556678252878,0.27391050143847412,0.10344675671796259,0.25013403445629978,0.19680268112590876,0.34145719272771335,0.089676529301138744,0.67877466062982372,0.28377871691242701,0.020223765016357129,0.28385838936215912,0.27278559067062569,0.29683921205668645,0.23142799623725363,0.34196816727578372,0.0016633177759463834,0.00018534633220887236,20,0.00043651283966246142,4.832471350065648e-05,20,0.0065644759463290058,0.0004084567178479552,20
family2|20|in_family_interpolation|H4|fixed_rank_basis,family2,20,in_family_interpolation,4,fixed_rank_basis,960,20,48,"{""AVAILABLE"":960,""NONCONVERGED"":0,""NONFINITE"":0,""OUTSIDE_TARGET"":0,""UNSTABLE"":0}","[1,2,3]",0,0,0.0012454244769212674,0.00026445422934577654,0.0012333804530530713,0.0010525781115108353,0.0014174594208186308,0.00052851780380353398,0.0020632787466597184,0.00032501422082877453,6.8742647675787947e-05,0.00032153927341232525,0.00027488519477589571,0.00036893088998823047,0.00013918381653134276,0.00055081494739065155,0.0065213151417336385,0.00041758108427115964,0.0063453202050264322,0.0062378729945036229,0.0068306690731940074,0.0057597026814891943,0.0073283655770289211,0.22698826577274298,0.060811214459625687,0.22365921318383136,0.1851290166654517,0.25839317882249507,0.071798265061378083,0.46560384077865347,0.28377871691242701,0.020223765016357129,0.28385838936215912,0.27278559067062569,0.29683921205668645,0.23142799623725363,0.34196816727578372,0.0012454244769212672,0.00015331450472161334,20,0.00032501422082877453,4.0222860253085342e-05,20,0.0065213151417336385,0.00041758108427115964,20
family2|20|in_family_interpolation|H4|local_structured,family2,20,in_family_interpolation,4,local_structured,960,20,48,"{""AVAILABLE"":960,""NONCONVERGED"":0,""NONFINITE"":0,""OUTSIDE_TARGET"":0,""UNSTABLE"":0}","[12,16,8]",0,0,0.0016874447400089402,0.00040328334714896219,0.0016246203135311878,0.001423329429284652,0.0018936740083946575,0.00066469838010952938,0.0034142131937006772,0.00044325839300218345,0.00011139317373134892,0.00042494721918519019,0.00036964247965542036,0.00049782024620702054,0.00017244509480992959,0.00092498183392541208,0.0065658928961757667,0.00039848744148762949,0.0064678238877001592,0.0063116622418383532,0.0068517317657818873,0.0057329268839605802,0.0072820866840607526,0.27678610485140465,0.10491138166271757,0.26064649796302414,0.19735380672395503,0.33464572482585908,0.085227182317820296,0.67668295678672963,0.28377871691242701,0.020223765016357129,0.28385838936215912,0.27278559067062569,0.29683921205668645,0.23142799623725363,0.34196816727578372,0.0016874447400089404,0.0002327541908721476,20,0.00044325839300218351,6.0985620113733149e-05,20,0.0065658928961757667,0.00039848744148762949,20
family2|20|in_family_interpolation|H12|causal_temporal_smoother,family2,20,in_family_interpolation,12,causal_temporal_smoother,960,20,48,"{""AVAILABLE"":960,""NONCONVERGED"":0,""NONFINITE"":0,""OUTSIDE_TARGET"":0,""UNSTABLE"":0}","[0.25,0.55,0.85]",0,0,0.0016633177759463834,0.00037241399926713533,0.0016013651925378767,0.0013902083581604169,0.0018999756665169878,0.00063763076552833878,0.0031636339418243463,0.00014555658855426744,3.4068548943636837e-05,0.00014067795284269317,0.00012101833422147986,0.00016595066934808563,5.6635670470424184e-05,0.00032361375325698217,0.0065644759463290058,0.0004084567178479552,0.0064481298678943748,0.0063161842348052862,0.0068654797047777152,0.0057365864582342441,0.0072930556678252878,0.27391050143847412,0.10344675671796259,0.25013403445629978,0.19680268112590876,0.34145719272771335,0.089676529301138744,0.67877466062982372,0.28377871691242701,0.020223765016357129,0.28385838936215912,0.27278559067062569,0.29683921205668645,0.23142799623725363,0.34196816727578372,0.0016633177759463834,0.00018534633220887236,20,0.00014555658855426744,1.6117182213689085e-05,20,0.0065644759463290058,0.0004084567178479552,20
family2|20|in_family_interpolation|H12|fixed_rank_basis,family2,20,in_family_interpolation,12,fixed_rank_basis,960,20,48,"{""AVAILABLE"":960,""NONCONVERGED"":0,""NONFINITE"":0,""OUTSIDE_TARGET"":0,""UNSTABLE"":0}","[1,2,3]",0,0,0.0012454244769212674,0.00026445422934577654,0.0012333804530530713,0.0010525781115108353,0.0014174594208186308,0.00052851780380353398,0.0020632787466597184,0.00010834121939925653,2.2916291174394744e-05,0.00010718544331976708,9.1629372618824088e-05,0.00012297909360692229,4.6395114763284114e-05,0.00018365828436644636,0.0065213151417336385,0.00041758108427115964,0.0063453202050264322,0.0062378729945036229,0.0068306690731940074,0.0057597026814891943,0.0073283655770289211,0.22698826577274298,0.060811214459625687,0.22365921318383136,0.1851290166654517,0.25839317882249507,0.071798265061378083,0.46560384077865347,0.28377871691242701,0.020223765016357129,0.28385838936215912,0.27278559067062569,0.29683921205668645,0.23142799623725363,0.34196816727578372,0.0012454244769212672,0.00015331450472161334,20,0.00010834121939925655,1.3407965607332393e-05,20,0.0065213151417336385,0.00041758108427115964,20
family2|20|in_family_interpolation|H12|local_structured,family2,20,in_family_interpolation,12,local_structured,960,20,48,"{""AVAILABLE"":960,""NONCONVERGED"":0,""NONFINITE"":0,""OUTSIDE_TARGET"":0,""UNSTABLE"":0}","[12,16,8]",0,0,0.0016874447400089402,0.00040328334714896219,0.0016246203135311878,0.001423329429284652,0.0018936740083946575,0.00066469838010952938,0.0034142131937006772,0.00014782265401052722,3.7291658083698049e-05,0.00014165992146899012,0.00012321474813064743,0.0001659671981638698,5.748213893901832e-05,0.00031611857442597586,0.0065658928961757667,0.00039848744148762949,0.0064678238877001592,0.0063116622418383532,0.0068517317657818873,0.0057329268839605802,0.0072820866840607526,0.27678610485140465,0.10491138166271757,0.26064649796302414,0.19735380672395503,0.33464572482585908,0.085227182317820296,0.67668295678672963,0.28377871691242701,0.020223765016357129,0.28385838936215912,0.27278559067062569,0.29683921205668645,0.23142799623725363,0.34196816727578372,0.0016874447400089404,0.0002327541908721476,20,0.00014782265401052719,2.0347012519146252e-05,20,0.0065658928961757667,0.00039848744148762949,20
family2|50|cross_generator|H4|causal_temporal_smoother,family2,50,cross_generator,4,causal_temporal_smoother,960,20,48,"{""AVAILABLE"":960,""NONCONVERGED"":0,""NONFINITE"":0,""OUTSIDE_TARGET"":0,""UNSTABLE"":0}","[0.25,0.55,0.85]",0,0,0.00084215901382678714,0.00016705783518341464,0.00083395768279393334,0.00071894781544054283,0.00094558453186162415,0.00042490809378667888,0.001504687878734483,0.0002212892097173505,4.4147225643658986e-05,0.00021885935780704209,0.0001879934707104643,0.000248669536528531,0.00011238688859042935,0.000394793170248546,0.0066983673385125992,0.00033269520643385112,0.006809388595423578,0.0064704978652094436,0.0069033037399709486,0.0060858613441181738,0.0071756287327387992,0.36083475023877065,0.093959134866909613,0.34869714739290159,0.29269473907762666,0.41746261215361985,0.19305108644297481,0.69952965018350666,0.35288123782275366,0.019950763355043154,0.35326222039726046,0.34018536194714016,0.36780279331501442,0.30643256353458997,0.39959719979942171,0.00084215901382678725,0.00010418395379877812,20,0.0002212892097173505,2.802959819478879e-05,20,0.0066983673385125992,0.00033269520643385112,20
family2|50|cross_generator|H4|fixed_rank_basis,family2,50,cross_generator,4,fixed_rank_basis,960,20,48,"{""AVAILABLE"":960,""NONCONVERGED"":0,""NONFINITE"":0,""OUTSIDE_TARGET"":0,""UNSTABLE"":0}","[1,2,3]",0,0,0.00063998710125933822,0.00015540756498183823,0.0006384046605549795,0.00053784685509930508,0.00074511776872979521,0.00025831033030412529,0.0011594467677884758,0.00016828520395613118,4.0313683960016666e-05,0.00016770032111276467,0.00014242440368330699,0.00019577988568177191,6.7990808985122724e-05,0.00030177382209672069,0.0066684360247903163,0.00032164392866755479,0.0067586550927329504,0.0064179300798475249,0.0068557208637991564,0.0060163519961745938,0.0072151812287542015,0.337131709126616,0.072303814648458434,0.33775074301040464,0.28617035209410907,0.38760985588250157,0.1355934037136606,0.62467967426037485,0.35288123782275366,0.019950763355043154,0.35326222039726046,0.34018536194714016,0.36780279331501442,0.30643256353458997,0.39959719979942171,0.00063998710125933833,0.00011777242061899036,20,0.00016828520395613115,3.056778842015711e-05,20,0.0066684360247903172,0.00032164392866755479,20
family2|50|cross_generator|H4|local_structured,family2,50,cross_generator,4,local_structured,960,20,48,"{""AVAILABLE"":960,""NONCONVERGED"":0,""NONFINITE"":0,""OUTSIDE_TARGET"":0,""UNSTABLE"":0}","[12,16,8]",0,0,0.00085546868849207711,0.00016669213734355252,0.00084007881211726446,0.00073308047954510447,0.00096790780301075159,0.00047828193911442874,0.0015371560882837016,0.00022470755220091901,4.4364104657031967e-05,0.00022167750240684029,0.00019270309586767872,0.00025417638154913674,0.0001242756241484742,0.00039948872212683953,0.0066827178375714691,0.00032747146842513827,0.0067640759857655747,0.0064551465675442669,0.0068644854938183812,0.0060820600283354046,0.0071953027884830469,0.35865668393316419,0.092470055358441453,0.35089212321882512,0.29074351141685856,0.40970092763298027,0.15349373546229311,0.72455208594903908,0.35288123782275366,0.019950763355043154,0.35326222039726046,0.34018536194714016,0.36780279331501442,0.30643256353458997,0.39959719979942171,0.00085546868849207711,0.00010660687168142885,20,0.00022470755220091901,2.8571287404281267e-05,20,0.0066827178375714683,0.00032747146842513827,20
family2|50|cross_generator|H12|causal_temporal_smoother,family2,50,cross_generator,12,causal_temporal_smoother,960,20,48,"{""AVAILABLE"":960,""NONCONVERGED"":0,""NONFINITE"":0,""OUTSIDE_TARGET"":0,""UNSTABLE"":0}","[0.25,0.55,0.85]",0,0,0.00084215901382678714,0.00016705783518341464,0.00083395768279393334,0.00071894781544054283,0.00094558453186162415,0.00042490809378667888,0.001504687878734483,7.379534683766664e-05,1.4736443095352343e-05,7.3001009447630207e-05,6.2666086181291202e-05,8.3098943906436068e-05,3.7484289261139247e-05,0.00013161199719610448,0.0066983673385125992,0.00033269520643385112,0.006809388595423578,0.0064704978652094436,0.0069033037399709486,0.0060858613441181738,0.0071756287327387992,0.36083475023877065,0.093959134866909613,0.34869714739290159,0.29269473907762666,0.41746261215361985,0.19305108644297481,0.69952965018350666,0.35288123782275366,0.019950763355043154,0.35326222039726046,0.34018536194714016,0.36780279331501442,0.30643256353458997,0.39959719979942171,0.00084215901382678725,0.00010418395379877812,20,7.379534683766664e-05,9.3558130285573601e-06,20,0.0066983673385125992,0.00033269520643385112,20
family2|50|cross_generator|H12|fixed_rank_basis,family2,50,cross_generator,12,fixed_rank_basis,960,20,48,"{""AVAILABLE"":960,""NONCONVERGED"":0,""NONFINITE"":0,""OUTSIDE_TARGET"":0,""UNSTABLE"":0}","[1,2,3]",0,0,0.00063998710125933822,0.00015540756498183823,0.0006384046605549795,0.00053784685509930508,0.00074511776872979521,0.00025831033030412529,0.0011594467677884758,5.6102375996328994e-05,1.3439737765374483e-05,5.5903118542142766e-05,4.7477258703855477e-05,6.5274683186273693e-05,2.2664195205759802e-05,0.00010059819628454661,0.0066684360247903163,0.00032164392866755479,0.0067586550927329504,0.0064179300798475249,0.0068557208637991564,0.0060163519961745938,0.0072151812287542015,0.337131709126616,0.072303814648458434,0.33775074301040464,0.28617035209410907,0.38760985588250157,0.1355934037136606,0.62467967426037485,0.35288123782275366,0.019950763355043154,0.35326222039726046,0.34018536194714016,0.36780279331501442,0.30643256353458997,0.39959719979942171,0.00063998710125933833,0.00011777242061899036,20,5.6102375996329001e-05,1.0191300706194569e-05,20,0.0066684360247903172,0.00032164392866755479,20
family2|50|cross_generator|H12|local_structured,family2,50,cross_generator,12,local_structured,960,20,48,"{""AVAILABLE"":960,""NONCONVERGED"":0,""NONFINITE"":0,""OUTSIDE_TARGET"":0,""UNSTABLE"":0}","[12,16,8]",0,0,0.00085546868849207711,0.00016669213734355252,0.00084007881211726446,0.00073308047954510447,0.00096790780301075159,0.00047828193911442874,0.0015371560882837016,7.4933430711075715e-05,1.4816231236922405e-05,7.3907453600802965e-05,6.4235785347314101e-05,8.4783030059828776e-05,4.14261389615659e-05,0.00013317874893637265,0.0066827178375714691,0.00032747146842513827,0.0067640759857655747,0.0064551465675442669,0.0068644854938183812,0.0060820600283354046,0.0071953027884830469,0.35865668393316419,0.092470055358441453,0.35089212321882512,0.29074351141685856,0.40970092763298027,0.15349373546229311,0.72455208594903908,0.35288123782275366,0.019950763355043154,0.35326222039726046,0.34018536194714016,0.36780279331501442,0.30643256353458997,0.39959719979942171,0.00085546868849207711,0.00010660687168142885,20,7.4933430711075728e-05,9.5351409985166116e-06,20,0.0066827178375714683,0.00032747146842513827,20
family2|50|in_family_interpolation|H4|causal_temporal_smoother,family2,50,in_family_interpolation,4,causal_temporal_smoother,960,20,48,"{""AVAILABLE"":960,""NONCONVERGED"":0,""NONFINITE"":0,""OUTSIDE_TARGET"":0,""UNSTABLE"":0}","[0.25,0.55,0.85]",0,0,0.00054491281874905417,7.2502881265063655e-05,0.00053870221479408753,0.00049485863050999636,0.00059157022101466179,0.00038316873041690884,0.00082478860218325098,0.00014124821455797605,1.9956263482357274e-05,0.00013891551925291414,0.00012737179497401981,0.00015277945583364283,9.8747256831341996e-05,0.00022388477884575404,0.0066983673385125992,0.00033269520643385112,0.006809388595423578,0.0064704978652094436,0.0069033037399709486,0.0060858613441181738,0.0071756287327387992,0.30070113837543538,0.09995371562928089,0.28333403637417343,0.22434016804368062,0.3621325990008733,0.10746981219390787,0.68817692609176873,0.27084277668836787,0.0161954457395363,0.26811005264277693,0.25866069907951794,0.28443485125419399,0.24427341412227171,0.31434587426198529,0.00054491281874905406,3.7446634340068517e-05,20,0.00014124821455797605,9.8540081698446438e-06,20,0.0066983673385125992,0.00033269520643385112,20
family2|50|in_family_interpolation|H4|fixed_rank_basis,family2,50,in_family_interpolation,4,fixed_rank_basis,960,20,48,"{""AVAILABLE"":960,""NONCONVERGED"":0,""NONFINITE"":0,""OUTSIDE_TARGET"":0,""UNSTABLE"":0}","[1,2,3]",0,0,0.00038223037043346966,7.1231598576950019e-05,0.00037059181294403287,0.00033157260279856462,0.00042045062505934868,0.00023029100079320966,0.00066320428146539356,9.8927141113433177e-05,1.8337184902267943e-05,9.5602974523748411e-05,8.6085285466741649e-05,0.00010859420891983381,5.9783148776897411e-05,0.00017494189669035103,0.0066684360247903163,0.00032164392866755479,0.0067586550927329504,0.0064179300798475249,0.0068557208637991564,0.0060163519961745938,0.0072151812287542015,0.24320792645992204,0.05946782659251576,0.23530056167780178,0.20159597164961687,0.2769575471099231,0.098394736768884439,0.46975454196137389,0.27084277668836787,0.0161954457395363,0.26811005264277693,0.25866069907951794,0.28443485125419399,0.24427341412227171,0.31434587426198529,0.00038223037043346971,5.2094574547547037e-05,20,9.8927141113433177e-05,1.337079647689869e-05,20,0.0066684360247903172,0.00032164392866755479,20
family2|50|in_family_interpolation|H4|local_structured,family2,50,in_family_interpolation,4,local_structured,960,20,48,"{""AVAILABLE"":960,""NONCONVERGED"":0,""NONFINITE"":0,""OUTSIDE_TARGET"":0,""UNSTABLE"":0}","[12,16,8]",0,0,0.00055806831806955789,7.8154207697185145e-05,0.00055016298071101661,0.00050309790353830395,0.00060478839019163951,0.00036596220253286321,0.00086130604030259226,0.00014477422383172292,2.1715865947217237e-05,0.00014213140509893637,0.00012951346672863474,0.00015628780030792555,9.4944333305794834e-05,0.00025115215969025726,0.0066827178375714691,0.00032747146842513827,0.0067640759857655747,0.0064551465675442669,0.0068644854938183812,0.0060820600283354046,0.0071953027884830469,0.30169102959284966,0.10423209910247998,0.28249389343864995,0.22561105266734888,0.36775235903302966,0.11384895018053982,0.7245548702195902,0.27084277668836787,0.0161954457395363,0.26811005264277693,0.25866069907951794,0.28443485125419399,0.24427341412227171,0.31434587426198529,0.00055806831806955789,4.1854714610527439e-05,20,0.00014477422383172292,1.1089090664461053e-05,20,0.0066827178375714683,0.00032747146842513827,20
family2|50|in_family_interpolation|H12|causal_temporal_smoother,family2,50,in_family_interpolation,12,causal_temporal_smoother,960,20,48,"{""AVAILABLE"":960,""NONCONVERGED"":0,""NONFINITE"":0,""OUTSIDE_TARGET"":0,""UNSTABLE"":0}","[0.25,0.55,0.85]",0,0,0.00054491281874905417,7.2502881265063655e-05,0.00053870221479408753,0.00049485863050999636,0.00059157022101466179,0.00038316873041690884,0.00082478860218325098,4.7094452567868489e-05,6.674632313844559e-06,4.6344103578207387e-05,4.2457648194810533e-05,5.0926672322302106e-05,3.2915968183803724e-05,7.4853681868842635e-05,0.0066983673385125992,0.00033269520643385112,0.006809388595423578,0.0064704978652094436,0.0069033037399709486,0.0060858613441181738,0.0071756287327387992,0.30070113837543538,0.09995371562928089,0.28333403637417343,0.22434016804368062,0.3621325990008733,0.10746981219390787,0.68817692609176873,0.27084277668836787,0.0161954457395363,0.26811005264277693,0.25866069907951794,0.28443485125419399,0.24427341412227171,0.31434587426198529,0.00054491281874905406,3.7446634340068517e-05,20,4.7094452567868489e-05,3.2834484410505078e-06,20,0.0066983673385125992,0.00033269520643385112,20
family2|50|in_family_interpolation|H12|fixed_rank_basis,family2,50,in_family_interpolation,12,fixed_rank_basis,960,20,48,"{""AVAILABLE"":960,""NONCONVERGED"":0,""NONFINITE"":0,""OUTSIDE_TARGET"":0,""UNSTABLE"":0}","[1,2,3]",0,0,0.00038223037043346966,7.1231598576950019e-05,0.00037059181294403287,0.00033157260279856462,0.00042045062505934868,0.00023029100079320966,0.00066320428146539356,3.2976205570632901e-05,6.1128754598083307e-06,3.1870272470953628e-05,2.8695271563340034e-05,3.6198440826068589e-05,1.9927787175564404e-05,5.832782555676512e-05,0.0066684360247903163,0.00032164392866755479,0.0067586550927329504,0.0064179300798475249,0.0068557208637991564,0.0060163519961745938,0.0072151812287542015,0.24320792645992204,0.05946782659251576,0.23530056167780178,0.20159597164961687,0.2769575471099231,0.098394736768884439,0.46975454196137389,0.27084277668836787,0.0161954457395363,0.26811005264277693,0.25866069907951794,0.28443485125419399,0.24427341412227171,0.31434587426198529,0.00038223037043346971,5.2094574547547037e-05,20,3.2976205570632895e-05,4.4572036122950566e-06,20,0.0066684360247903172,0.00032164392866755479,20
family2|50|in_family_interpolation|H12|local_structured,family2,50,in_family_interpolation,12,local_structured,960,20,48,"{""AVAILABLE"":960,""NONCONVERGED"":0,""NONFINITE"":0,""OUTSIDE_TARGET"":0,""UNSTABLE"":0}","[12,16,8]",0,0,0.00055806831806955789,7.8154207697185145e-05,0.00055016298071101661,0.00050309790353830395,0.00060478839019163951,0.00036596220253286321,0.00086130604030259226,4.827496342535093e-05,7.2798759322598374e-06,4.7377289010674846e-05,4.3171556375702539e-05,5.2097589285005517e-05,3.164858245238185e-05,8.658215489906587e-05,0.0066827178375714691,0.00032747146842513827,0.0067640759857655747,0.0064551465675442669,0.0068644854938183812,0.0060820600283354046,0.0071953027884830469,0.30169102959284966,0.10423209910247998,0.28249389343864995,0.22561105266734888,0.36775235903302966,0.11384895018053982,0.7245548702195902,0.27084277668836787,0.0161954457395363,0.26811005264277693,0.25866069907951794,0.28443485125419399,0.24427341412227171,0.31434587426198529,0.00055806831806955789,4.1854714610527439e-05,20,4.827496342535093e-05,3.7064567744742916e-06,20,0.0066827178375714683,0.00032747146842513827,20
