comparison_type,left_label,right_label,left_cell_id,right_cell_id,family,left_n,right_n,left_query_class,right_query_class,left_horizon,right_horizon,method,response_mse_delta_left_minus_right,operator_mse_delta_left_minus_right,validation_loss_delta_left_minus_right,left_status_counts,right_status_counts,comparison_note
scale_n50_minus_n20,N=50,N=20,family1|50|cross_generator|H4|causal_temporal_smoother,family1|20|cross_generator|H4|causal_temporal_smoother,family1,50,20,cross_generator,cross_generator,4,4,causal_temporal_smoother,-0.00075171625275336417,-0.0024310198608363627,0.00012833486201839842,"{""AVAILABLE"":960,""NONCONVERGED"":0,""NONFINITE"":0,""OUTSIDE_TARGET"":0,""UNSTABLE"":0}","{""AVAILABLE"":960,""NONCONVERGED"":0,""NONFINITE"":0,""OUTSIDE_TARGET"":0,""UNSTABLE"":0}",Descriptive raw mean deltas; no superiority threshold is applied.
scale_n50_minus_n20,N=50,N=20,family1|50|cross_generator|H4|fixed_rank_basis,family1|20|cross_generator|H4|fixed_rank_basis,family1,50,20,cross_generator,cross_generator,4,4,fixed_rank_basis,-0.00037847409469552113,-0.0013015909030039791,0.00011861613586778685,"{""AVAILABLE"":960,""NONCONVERGED"":0,""NONFINITE"":0,""OUTSIDE_TARGET"":0,""UNSTABLE"":0}","{""AVAILABLE"":960,""NONCONVERGED"":0,""NONFINITE"":0,""OUTSIDE_TARGET"":0,""UNSTABLE"":0}",Descriptive raw mean deltas; no superiority threshold is applied.
scale_n50_minus_n20,N=50,N=20,family1|50|cross_generator|H4|local_structured,family1|20|cross_generator|H4|local_structured,family1,50,20,cross_generator,cross_generator,4,4,local_structured,-0.00079383262990242597,-0.0025106022178432398,0.00010497667693885448,"{""AVAILABLE"":960,""NONCONVERGED"":0,""NONFINITE"":0,""OUTSIDE_TARGET"":0,""UNSTABLE"":0}","{""AVAILABLE"":960,""NONCONVERGED"":0,""NONFINITE"":0,""OUTSIDE_TARGET"":0,""UNSTABLE"":0}",Descriptive raw mean deltas; no superiority threshold is applied.
scale_n50_minus_n20,N=50,N=20,family1|50|cross_generator|H12|causal_temporal_smoother,family1|20|cross_generator|H12|causal_temporal_smoother,family1,50,20,cross_generator,cross_generator,12,12,causal_temporal_smoother,-0.00025280018007424118,-0.0024310198608363627,0.00012833486201839842,"{""AVAILABLE"":960,""NONCONVERGED"":0,""NONFINITE"":0,""OUTSIDE_TARGET"":0,""UNSTABLE"":0}","{""AVAILABLE"":960,""NONCONVERGED"":0,""NONFINITE"":0,""OUTSIDE_TARGET"":0,""UNSTABLE"":0}",Descriptive raw mean deltas; no superiority threshold is applied.
scale_n50_minus_n20,N=50,N=20,family1|50|cross_generator|H12|fixed_rank_basis,family1|20|cross_generator|H12|fixed_rank_basis,family1,50,20,cross_generator,cross_generator,12,12,fixed_rank_basis,-0.00012625939903877754,-0.0013015909030039791,0.00011861613586778685,"{""AVAILABLE"":960,""NONCONVERGED"":0,""NONFINITE"":0,""OUTSIDE_TARGET"":0,""UNSTABLE"":0}","{""AVAILABLE"":960,""NONCONVERGED"":0,""NONFINITE"":0,""OUTSIDE_TARGET"":0,""UNSTABLE"":0}",Descriptive raw mean deltas; no superiority threshold is applied.
scale_n50_minus_n20,N=50,N=20,family1|50|cross_generator|H12|local_structured,family1|20|cross_generator|H12|local_structured,family1,50,20,cross_generator,cross_generator,12,12,local_structured,-0.00026758857860778655,-0.0025106022178432398,0.00010497667693885448,"{""AVAILABLE"":960,""NONCONVERGED"":0,""NONFINITE"":0,""OUTSIDE_TARGET"":0,""UNSTABLE"":0}","{""AVAILABLE"":960,""NONCONVERGED"":0,""NONFINITE"":0,""OUTSIDE_TARGET"":0,""UNSTABLE"":0}",Descriptive raw mean deltas; no superiority threshold is applied.
scale_n50_minus_n20,N=50,N=20,family1|50|in_family_interpolation|H4|causal_temporal_smoother,family1|20|in_family_interpolation|H4|causal_temporal_smoother,family1,50,20,in_family_interpolation,in_family_interpolation,4,4,causal_temporal_smoother,-0.00066092555263534453,-0.0022347024882650246,0.00012833486201839842,"{""AVAILABLE"":960,""NONCONVERGED"":0,""NONFINITE"":0,""OUTSIDE_TARGET"":0,""UNSTABLE"":0}","{""AVAILABLE"":960,""NONCONVERGED"":0,""NONFINITE"":0,""OUTSIDE_TARGET"":0,""UNSTABLE"":0}",Descriptive raw mean deltas; no superiority threshold is applied.
scale_n50_minus_n20,N=50,N=20,family1|50|in_family_interpolation|H4|fixed_rank_basis,family1|20|in_family_interpolation|H4|fixed_rank_basis,family1,50,20,in_family_interpolation,in_family_interpolation,4,4,fixed_rank_basis,-0.00030909560629200294,-0.001104614036795821,0.00011861613586778685,"{""AVAILABLE"":960,""NONCONVERGED"":0,""NONFINITE"":0,""OUTSIDE_TARGET"":0,""UNSTABLE"":0}","{""AVAILABLE"":960,""NONCONVERGED"":0,""NONFINITE"":0,""OUTSIDE_TARGET"":0,""UNSTABLE"":0}",Descriptive raw mean deltas; no superiority threshold is applied.
scale_n50_minus_n20,N=50,N=20,family1|50|in_family_interpolation|H4|local_structured,family1|20|in_family_interpolation|H4|local_structured,family1,50,20,in_family_interpolation,in_family_interpolation,4,4,local_structured,-0.00069614190490833105,-0.0023083861160588942,0.00010497667693885448,"{""AVAILABLE"":960,""NONCONVERGED"":0,""NONFINITE"":0,""OUTSIDE_TARGET"":0,""UNSTABLE"":0}","{""AVAILABLE"":960,""NONCONVERGED"":0,""NONFINITE"":0,""OUTSIDE_TARGET"":0,""UNSTABLE"":0}",Descriptive raw mean deltas; no superiority threshold is applied.
scale_n50_minus_n20,N=50,N=20,family1|50|in_family_interpolation|H12|causal_temporal_smoother,family1|20|in_family_interpolation|H12|causal_temporal_smoother,family1,50,20,in_family_interpolation,in_family_interpolation,12,12,causal_temporal_smoother,-0.00022130560376266279,-0.0022347024882650246,0.00012833486201839842,"{""AVAILABLE"":960,""NONCONVERGED"":0,""NONFINITE"":0,""OUTSIDE_TARGET"":0,""UNSTABLE"":0}","{""AVAILABLE"":960,""NONCONVERGED"":0,""NONFINITE"":0,""OUTSIDE_TARGET"":0,""UNSTABLE"":0}",Descriptive raw mean deltas; no superiority threshold is applied.
scale_n50_minus_n20,N=50,N=20,family1|50|in_family_interpolation|H12|fixed_rank_basis,family1|20|in_family_interpolation|H12|fixed_rank_basis,family1,50,20,in_family_interpolation,in_family_interpolation,12,12,fixed_rank_basis,-0.0001030793073879245,-0.001104614036795821,0.00011861613586778685,"{""AVAILABLE"":960,""NONCONVERGED"":0,""NONFINITE"":0,""OUTSIDE_TARGET"":0,""UNSTABLE"":0}","{""AVAILABLE"":960,""NONCONVERGED"":0,""NONFINITE"":0,""OUTSIDE_TARGET"":0,""UNSTABLE"":0}",Descriptive raw mean deltas; no superiority threshold is applied.
scale_n50_minus_n20,N=50,N=20,family1|50|in_family_interpolation|H12|local_structured,family1|20|in_family_interpolation|H12|local_structured,family1,50,20,in_family_interpolation,in_family_interpolation,12,12,local_structured,-0.00023348599524751392,-0.0023083861160588942,0.00010497667693885448,"{""AVAILABLE"":960,""NONCONVERGED"":0,""NONFINITE"":0,""OUTSIDE_TARGET"":0,""UNSTABLE"":0}","{""AVAILABLE"":960,""NONCONVERGED"":0,""NONFINITE"":0,""OUTSIDE_TARGET"":0,""UNSTABLE"":0}",Descriptive raw mean deltas; no superiority threshold is applied.
scale_n50_minus_n20,N=50,N=20,family2|50|cross_generator|H4|causal_temporal_smoother,family2|20|cross_generator|H4|causal_temporal_smoother,family2,50,20,cross_generator,cross_generator,4,4,causal_temporal_smoother,-0.00040675266598418308,-0.0015063540802433542,0.00013389139218359346,"{""AVAILABLE"":960,""NONCONVERGED"":0,""NONFINITE"":0,""OUTSIDE_TARGET"":0,""UNSTABLE"":0}","{""AVAILABLE"":960,""NONCONVERGED"":0,""NONFINITE"":0,""OUTSIDE_TARGET"":0,""UNSTABLE"":0}",Descriptive raw mean deltas; no superiority threshold is applied.
scale_n50_minus_n20,N=50,N=20,family2|50|cross_generator|H4|fixed_rank_basis,family2|20|cross_generator|H4|fixed_rank_basis,family2,50,20,cross_generator,cross_generator,4,4,fixed_rank_basis,-0.00034934690431813247,-0.0013047344790731252,0.00014712088305667784,"{""AVAILABLE"":960,""NONCONVERGED"":0,""NONFINITE"":0,""OUTSIDE_TARGET"":0,""UNSTABLE"":0}","{""AVAILABLE"":960,""NONCONVERGED"":0,""NONFINITE"":0,""OUTSIDE_TARGET"":0,""UNSTABLE"":0}",Descriptive raw mean deltas; no superiority threshold is applied.
scale_n50_minus_n20,N=50,N=20,family2|50|cross_generator|H4|local_structured,family2|20|cross_generator|H4|local_structured,family2,50,20,cross_generator,cross_generator,4,4,local_structured,-0.00040972233172324811,-0.0015148267623704323,0.00011682494139570246,"{""AVAILABLE"":960,""NONCONVERGED"":0,""NONFINITE"":0,""OUTSIDE_TARGET"":0,""UNSTABLE"":0}","{""AVAILABLE"":960,""NONCONVERGED"":0,""NONFINITE"":0,""OUTSIDE_TARGET"":0,""UNSTABLE"":0}",Descriptive raw mean deltas; no superiority threshold is applied.
scale_n50_minus_n20,N=50,N=20,family2|50|cross_generator|H12|causal_temporal_smoother,family2|20|cross_generator|H12|causal_temporal_smoother,family2,50,20,cross_generator,cross_generator,12,12,causal_temporal_smoother,-0.00013567539173374847,-0.0015063540802433542,0.00013389139218359346,"{""AVAILABLE"":960,""NONCONVERGED"":0,""NONFINITE"":0,""OUTSIDE_TARGET"":0,""UNSTABLE"":0}","{""AVAILABLE"":960,""NONCONVERGED"":0,""NONFINITE"":0,""OUTSIDE_TARGET"":0,""UNSTABLE"":0}",Descriptive raw mean deltas; no superiority threshold is applied.
scale_n50_minus_n20,N=50,N=20,family2|50|cross_generator|H12|fixed_rank_basis,family2|20|cross_generator|H12|fixed_rank_basis,family2,50,20,cross_generator,cross_generator,12,12,fixed_rank_basis,-0.00011652579029252326,-0.0013047344790731252,0.00014712088305667784,"{""AVAILABLE"":960,""NONCONVERGED"":0,""NONFINITE"":0,""OUTSIDE_TARGET"":0,""UNSTABLE"":0}","{""AVAILABLE"":960,""NONCONVERGED"":0,""NONFINITE"":0,""OUTSIDE_TARGET"":0,""UNSTABLE"":0}",Descriptive raw mean deltas; no superiority threshold is applied.
scale_n50_minus_n20,N=50,N=20,family2|50|cross_generator|H12|local_structured,family2|20|cross_generator|H12|local_structured,family2,50,20,cross_generator,cross_generator,12,12,local_structured,-0.0001366890043044278,-0.0015148267623704323,0.00011682494139570246,"{""AVAILABLE"":960,""NONCONVERGED"":0,""NONFINITE"":0,""OUTSIDE_TARGET"":0,""UNSTABLE"":0}","{""AVAILABLE"":960,""NONCONVERGED"":0,""NONFINITE"":0,""OUTSIDE_TARGET"":0,""UNSTABLE"":0}",Descriptive raw mean deltas; no superiority threshold is applied.
scale_n50_minus_n20,N=50,N=20,family2|50|in_family_interpolation|H4|causal_temporal_smoother,family2|20|in_family_interpolation|H4|causal_temporal_smoother,family2,50,20,in_family_interpolation,in_family_interpolation,4,4,causal_temporal_smoother,-0.00029526462510448542,-0.0011184049571973291,0.00013389139218359346,"{""AVAILABLE"":960,""NONCONVERGED"":0,""NONFINITE"":0,""OUTSIDE_TARGET"":0,""UNSTABLE"":0}","{""AVAILABLE"":960,""NONCONVERGED"":0,""NONFINITE"":0,""OUTSIDE_TARGET"":0,""UNSTABLE"":0}",Descriptive raw mean deltas; no superiority threshold is applied.
scale_n50_minus_n20,N=50,N=20,family2|50|in_family_interpolation|H4|fixed_rank_basis,family2|20|in_family_interpolation|H4|fixed_rank_basis,family2,50,20,in_family_interpolation,in_family_interpolation,4,4,fixed_rank_basis,-0.00022608707971534135,-0.00086319410648779782,0.00014712088305667784,"{""AVAILABLE"":960,""NONCONVERGED"":0,""NONFINITE"":0,""OUTSIDE_TARGET"":0,""UNSTABLE"":0}","{""AVAILABLE"":960,""NONCONVERGED"":0,""NONFINITE"":0,""OUTSIDE_TARGET"":0,""UNSTABLE"":0}",Descriptive raw mean deltas; no superiority threshold is applied.
scale_n50_minus_n20,N=50,N=20,family2|50|in_family_interpolation|H4|local_structured,family2|20|in_family_interpolation|H4|local_structured,family2,50,20,in_family_interpolation,in_family_interpolation,4,4,local_structured,-0.00029848416917046053,-0.0011293764219393824,0.00011682494139570246,"{""AVAILABLE"":960,""NONCONVERGED"":0,""NONFINITE"":0,""OUTSIDE_TARGET"":0,""UNSTABLE"":0}","{""AVAILABLE"":960,""NONCONVERGED"":0,""NONFINITE"":0,""OUTSIDE_TARGET"":0,""UNSTABLE"":0}",Descriptive raw mean deltas; no superiority threshold is applied.
scale_n50_minus_n20,N=50,N=20,family2|50|in_family_interpolation|H12|causal_temporal_smoother,family2|20|in_family_interpolation|H12|causal_temporal_smoother,family2,50,20,in_family_interpolation,in_family_interpolation,12,12,causal_temporal_smoother,-9.846213598639896e-05,-0.0011184049571973291,0.00013389139218359346,"{""AVAILABLE"":960,""NONCONVERGED"":0,""NONFINITE"":0,""OUTSIDE_TARGET"":0,""UNSTABLE"":0}","{""AVAILABLE"":960,""NONCONVERGED"":0,""NONFINITE"":0,""OUTSIDE_TARGET"":0,""UNSTABLE"":0}",Descriptive raw mean deltas; no superiority threshold is applied.
scale_n50_minus_n20,N=50,N=20,family2|50|in_family_interpolation|H12|fixed_rank_basis,family2|20|in_family_interpolation|H12|fixed_rank_basis,family2,50,20,in_family_interpolation,in_family_interpolation,12,12,fixed_rank_basis,-7.5365013828623638e-05,-0.00086319410648779782,0.00014712088305667784,"{""AVAILABLE"":960,""NONCONVERGED"":0,""NONFINITE"":0,""OUTSIDE_TARGET"":0,""UNSTABLE"":0}","{""AVAILABLE"":960,""NONCONVERGED"":0,""NONFINITE"":0,""OUTSIDE_TARGET"":0,""UNSTABLE"":0}",Descriptive raw mean deltas; no superiority threshold is applied.
scale_n50_minus_n20,N=50,N=20,family2|50|in_family_interpolation|H12|local_structured,family2|20|in_family_interpolation|H12|local_structured,family2,50,20,in_family_interpolation,in_family_interpolation,12,12,local_structured,-9.9547690585176298e-05,-0.0011293764219393824,0.00011682494139570246,"{""AVAILABLE"":960,""NONCONVERGED"":0,""NONFINITE"":0,""OUTSIDE_TARGET"":0,""UNSTABLE"":0}","{""AVAILABLE"":960,""NONCONVERGED"":0,""NONFINITE"":0,""OUTSIDE_TARGET"":0,""UNSTABLE"":0}",Descriptive raw mean deltas; no superiority threshold is applied.
query_cross_generator_minus_in_family_interpolation,cross_generator,in_family_interpolation,family1|20|cross_generator|H4|causal_temporal_smoother,family1|20|in_family_interpolation|H4|causal_temporal_smoother,family1,20,20,cross_generator,in_family_interpolation,4,4,causal_temporal_smoother,0.00020506694874897593,0.00055248347797907981,0,"{""AVAILABLE"":960,""NONCONVERGED"":0,""NONFINITE"":0,""OUTSIDE_TARGET"":0,""UNSTABLE"":0}","{""AVAILABLE"":960,""NONCONVERGED"":0,""NONFINITE"":0,""OUTSIDE_TARGET"":0,""UNSTABLE"":0}",Descriptive raw mean deltas; no superiority threshold is applied.
query_cross_generator_minus_in_family_interpolation,cross_generator,in_family_interpolation,family1|20|cross_generator|H4|fixed_rank_basis,family1|20|in_family_interpolation|H4|fixed_rank_basis,family1,20,20,cross_generator,in_family_interpolation,4,4,fixed_rank_basis,0.00013544173029114313,0.00040206595190429308,0,"{""AVAILABLE"":960,""NONCONVERGED"":0,""NONFINITE"":0,""OUTSIDE_TARGET"":0,""UNSTABLE"":0}","{""AVAILABLE"":960,""NONCONVERGED"":0,""NONFINITE"":0,""OUTSIDE_TARGET"":0,""UNSTABLE"":0}",Descriptive raw mean deltas; no superiority threshold is applied.
query_cross_generator_minus_in_family_interpolation,cross_generator,in_family_interpolation,family1|20|cross_generator|H4|local_structured,family1|20|in_family_interpolation|H4|local_structured,family1,20,20,cross_generator,in_family_interpolation,4,4,local_structured,0.00021270396456678068,0.00055881608531838838,0,"{""AVAILABLE"":960,""NONCONVERGED"":0,""NONFINITE"":0,""OUTSIDE_TARGET"":0,""UNSTABLE"":0}","{""AVAILABLE"":960,""NONCONVERGED"":0,""NONFINITE"":0,""OUTSIDE_TARGET"":0,""UNSTABLE"":0}",Descriptive raw mean deltas; no superiority threshold is applied.
query_cross_generator_minus_in_family_interpolation,cross_generator,in_family_interpolation,family1|20|cross_generator|H12|causal_temporal_smoother,family1|20|in_family_interpolation|H12|causal_temporal_smoother,family1,20,20,cross_generator,in_family_interpolation,12,12,causal_temporal_smoother,6.9833931663796343e-05,0.00055248347797907981,0,"{""AVAILABLE"":960,""NONCONVERGED"":0,""NONFINITE"":0,""OUTSIDE_TARGET"":0,""UNSTABLE"":0}","{""AVAILABLE"":960,""NONCONVERGED"":0,""NONFINITE"":0,""OUTSIDE_TARGET"":0,""UNSTABLE"":0}",Descriptive raw mean deltas; no superiority threshold is applied.
query_cross_generator_minus_in_family_interpolation,cross_generator,in_family_interpolation,family1|20|cross_generator|H12|fixed_rank_basis,family1|20|in_family_interpolation|H12|fixed_rank_basis,family1,20,20,cross_generator,in_family_interpolation,12,12,fixed_rank_basis,4.5376553991550409e-05,0.00040206595190429308,0,"{""AVAILABLE"":960,""NONCONVERGED"":0,""NONFINITE"":0,""OUTSIDE_TARGET"":0,""UNSTABLE"":0}","{""AVAILABLE"":960,""NONCONVERGED"":0,""NONFINITE"":0,""OUTSIDE_TARGET"":0,""UNSTABLE"":0}",Descriptive raw mean deltas; no superiority threshold is applied.
query_cross_generator_minus_in_family_interpolation,cross_generator,in_family_interpolation,family1|20|cross_generator|H12|local_structured,family1|20|in_family_interpolation|H12|local_structured,family1,20,20,cross_generator,in_family_interpolation,12,12,local_structured,7.2717632705758637e-05,0.00055881608531838838,0,"{""AVAILABLE"":960,""NONCONVERGED"":0,""NONFINITE"":0,""OUTSIDE_TARGET"":0,""UNSTABLE"":0}","{""AVAILABLE"":960,""NONCONVERGED"":0,""NONFINITE"":0,""OUTSIDE_TARGET"":0,""UNSTABLE"":0}",Descriptive raw mean deltas; no superiority threshold is applied.
query_cross_generator_minus_in_family_interpolation,cross_generator,in_family_interpolation,family1|50|cross_generator|H4|causal_temporal_smoother,family1|50|in_family_interpolation|H4|causal_temporal_smoother,family1,50,50,cross_generator,in_family_interpolation,4,4,causal_temporal_smoother,0.00011427624863095639,0.00035616610540774155,0,"{""AVAILABLE"":960,""NONCONVERGED"":0,""NONFINITE"":0,""OUTSIDE_TARGET"":0,""UNSTABLE"":0}","{""AVAILABLE"":960,""NONCONVERGED"":0,""NONFINITE"":0,""OUTSIDE_TARGET"":0,""UNSTABLE"":0}",Descriptive raw mean deltas; no superiority threshold is applied.
query_cross_generator_minus_in_family_interpolation,cross_generator,in_family_interpolation,family1|50|cross_generator|H4|fixed_rank_basis,family1|50|in_family_interpolation|H4|fixed_rank_basis,family1,50,50,cross_generator,in_family_interpolation,4,4,fixed_rank_basis,6.6063241887624914e-05,0.00020508908569613507,0,"{""AVAILABLE"":960,""NONCONVERGED"":0,""NONFINITE"":0,""OUTSIDE_TARGET"":0,""UNSTABLE"":0}","{""AVAILABLE"":960,""NONCONVERGED"":0,""NONFINITE"":0,""OUTSIDE_TARGET"":0,""UNSTABLE"":0}",Descriptive raw mean deltas; no superiority threshold is applied.
query_cross_generator_minus_in_family_interpolation,cross_generator,in_family_interpolation,family1|50|cross_generator|H4|local_structured,family1|50|in_family_interpolation|H4|local_structured,family1,50,50,cross_generator,in_family_interpolation,4,4,local_structured,0.00011501323957268582,0.00035659998353404325,0,"{""AVAILABLE"":960,""NONCONVERGED"":0,""NONFINITE"":0,""OUTSIDE_TARGET"":0,""UNSTABLE"":0}","{""AVAILABLE"":960,""NONCONVERGED"":0,""NONFINITE"":0,""OUTSIDE_TARGET"":0,""UNSTABLE"":0}",Descriptive raw mean deltas; no superiority threshold is applied.
query_cross_generator_minus_in_family_interpolation,cross_generator,in_family_interpolation,family1|50|cross_generator|H12|causal_temporal_smoother,family1|50|in_family_interpolation|H12|causal_temporal_smoother,family1,50,50,cross_generator,in_family_interpolation,12,12,causal_temporal_smoother,3.8339355352217947e-05,0.00035616610540774155,0,"{""AVAILABLE"":960,""NONCONVERGED"":0,""NONFINITE"":0,""OUTSIDE_TARGET"":0,""UNSTABLE"":0}","{""AVAILABLE"":960,""NONCONVERGED"":0,""NONFINITE"":0,""OUTSIDE_TARGET"":0,""UNSTABLE"":0}",Descriptive raw mean deltas; no superiority threshold is applied.
query_cross_generator_minus_in_family_interpolation,cross_generator,in_family_interpolation,family1|50|cross_generator|H12|fixed_rank_basis,family1|50|in_family_interpolation|H12|fixed_rank_basis,family1,50,50,cross_generator,in_family_interpolation,12,12,fixed_rank_basis,2.2196462340697373e-05,0.00020508908569613507,0,"{""AVAILABLE"":960,""NONCONVERGED"":0,""NONFINITE"":0,""OUTSIDE_TARGET"":0,""UNSTABLE"":0}","{""AVAILABLE"":960,""NONCONVERGED"":0,""NONFINITE"":0,""OUTSIDE_TARGET"":0,""UNSTABLE"":0}",Descriptive raw mean deltas; no superiority threshold is applied.
query_cross_generator_minus_in_family_interpolation,cross_generator,in_family_interpolation,family1|50|cross_generator|H12|local_structured,family1|50|in_family_interpolation|H12|local_structured,family1,50,50,cross_generator,in_family_interpolation,12,12,local_structured,3.8615049345486012e-05,0.00035659998353404325,0,"{""AVAILABLE"":960,""NONCONVERGED"":0,""NONFINITE"":0,""OUTSIDE_TARGET"":0,""UNSTABLE"":0}","{""AVAILABLE"":960,""NONCONVERGED"":0,""NONFINITE"":0,""OUTSIDE_TARGET"":0,""UNSTABLE"":0}",Descriptive raw mean deltas; no superiority threshold is applied.
query_cross_generator_minus_in_family_interpolation,cross_generator,in_family_interpolation,family2|20|cross_generator|H4|causal_temporal_smoother,family2|20|in_family_interpolation|H4|causal_temporal_smoother,family2,20,20,cross_generator,in_family_interpolation,4,4,causal_temporal_smoother,0.00019152903603907213,0.00068519531812375801,0,"{""AVAILABLE"":960,""NONCONVERGED"":0,""NONFINITE"":0,""OUTSIDE_TARGET"":0,""UNSTABLE"":0}","{""AVAILABLE"":960,""NONCONVERGED"":0,""NONFINITE"":0,""OUTSIDE_TARGET"":0,""UNSTABLE"":0}",Descriptive raw mean deltas; no superiority threshold is applied.
query_cross_generator_minus_in_family_interpolation,cross_generator,in_family_interpolation,family2|20|cross_generator|H4|fixed_rank_basis,family2|20|in_family_interpolation|H4|fixed_rank_basis,family2,20,20,cross_generator,in_family_interpolation,4,4,fixed_rank_basis,0.00019261788744548913,0.00069929710341119604,0,"{""AVAILABLE"":960,""NONCONVERGED"":0,""NONFINITE"":0,""OUTSIDE_TARGET"":0,""UNSTABLE"":0}","{""AVAILABLE"":960,""NONCONVERGED"":0,""NONFINITE"":0,""OUTSIDE_TARGET"":0,""UNSTABLE"":0}",Descriptive raw mean deltas; no superiority threshold is applied.
query_cross_generator_minus_in_family_interpolation,cross_generator,in_family_interpolation,family2|20|cross_generator|H4|local_structured,family2|20|in_family_interpolation|H4|local_structured,family2,20,20,cross_generator,in_family_interpolation,4,4,local_structured,0.00019117149092198364,0.00068285071085356919,0,"{""AVAILABLE"":960,""NONCONVERGED"":0,""NONFINITE"":0,""OUTSIDE_TARGET"":0,""UNSTABLE"":0}","{""AVAILABLE"":960,""NONCONVERGED"":0,""NONFINITE"":0,""OUTSIDE_TARGET"":0,""UNSTABLE"":0}",Descriptive raw mean deltas; no superiority threshold is applied.
query_cross_generator_minus_in_family_interpolation,cross_generator,in_family_interpolation,family2|20|cross_generator|H12|causal_temporal_smoother,family2|20|in_family_interpolation|H12|causal_temporal_smoother,family2,20,20,cross_generator,in_family_interpolation,12,12,causal_temporal_smoother,6.3914150017147669e-05,0.00068519531812375801,0,"{""AVAILABLE"":960,""NONCONVERGED"":0,""NONFINITE"":0,""OUTSIDE_TARGET"":0,""UNSTABLE"":0}","{""AVAILABLE"":960,""NONCONVERGED"":0,""NONFINITE"":0,""OUTSIDE_TARGET"":0,""UNSTABLE"":0}",Descriptive raw mean deltas; no superiority threshold is applied.
query_cross_generator_minus_in_family_interpolation,cross_generator,in_family_interpolation,family2|20|cross_generator|H12|fixed_rank_basis,family2|20|in_family_interpolation|H12|fixed_rank_basis,family2,20,20,cross_generator,in_family_interpolation,12,12,fixed_rank_basis,6.4286946889595731e-05,0.00069929710341119604,0,"{""AVAILABLE"":960,""NONCONVERGED"":0,""NONFINITE"":0,""OUTSIDE_TARGET"":0,""UNSTABLE"":0}","{""AVAILABLE"":960,""NONCONVERGED"":0,""NONFINITE"":0,""OUTSIDE_TARGET"":0,""UNSTABLE"":0}",Descriptive raw mean deltas; no superiority threshold is applied.
query_cross_generator_minus_in_family_interpolation,cross_generator,in_family_interpolation,family2|20|cross_generator|H12|local_structured,family2|20|in_family_interpolation|H12|local_structured,family2,20,20,cross_generator,in_family_interpolation,12,12,local_structured,6.3799781004976285e-05,0.00068285071085356919,0,"{""AVAILABLE"":960,""NONCONVERGED"":0,""NONFINITE"":0,""OUTSIDE_TARGET"":0,""UNSTABLE"":0}","{""AVAILABLE"":960,""NONCONVERGED"":0,""NONFINITE"":0,""OUTSIDE_TARGET"":0,""UNSTABLE"":0}",Descriptive raw mean deltas; no superiority threshold is applied.
query_cross_generator_minus_in_family_interpolation,cross_generator,in_family_interpolation,family2|50|cross_generator|H4|causal_temporal_smoother,family2|50|in_family_interpolation|H4|causal_temporal_smoother,family2,50,50,cross_generator,in_family_interpolation,4,4,causal_temporal_smoother,8.0040995159374448e-05,0.00029724619507773297,0,"{""AVAILABLE"":960,""NONCONVERGED"":0,""NONFINITE"":0,""OUTSIDE_TARGET"":0,""UNSTABLE"":0}","{""AVAILABLE"":960,""NONCONVERGED"":0,""NONFINITE"":0,""OUTSIDE_TARGET"":0,""UNSTABLE"":0}",Descriptive raw mean deltas; no superiority threshold is applied.
query_cross_generator_minus_in_family_interpolation,cross_generator,in_family_interpolation,family2|50|cross_generator|H4|fixed_rank_basis,family2|50|in_family_interpolation|H4|fixed_rank_basis,family2,50,50,cross_generator,in_family_interpolation,4,4,fixed_rank_basis,6.9358062842698001e-05,0.00025775673082586856,0,"{""AVAILABLE"":960,""NONCONVERGED"":0,""NONFINITE"":0,""OUTSIDE_TARGET"":0,""UNSTABLE"":0}","{""AVAILABLE"":960,""NONCONVERGED"":0,""NONFINITE"":0,""OUTSIDE_TARGET"":0,""UNSTABLE"":0}",Descriptive raw mean deltas; no superiority threshold is applied.
query_cross_generator_minus_in_family_interpolation,cross_generator,in_family_interpolation,family2|50|cross_generator|H4|local_structured,family2|50|in_family_interpolation|H4|local_structured,family2,50,50,cross_generator,in_family_interpolation,4,4,local_structured,7.9933328369196087e-05,0.00029740037042251923,0,"{""AVAILABLE"":960,""NONCONVERGED"":0,""NONFINITE"":0,""OUTSIDE_TARGET"":0,""UNSTABLE"":0}","{""AVAILABLE"":960,""NONCONVERGED"":0,""NONFINITE"":0,""OUTSIDE_TARGET"":0,""UNSTABLE"":0}",Descriptive raw mean deltas; no superiority threshold is applied.
query_cross_generator_minus_in_family_interpolation,cross_generator,in_family_interpolation,family2|50|cross_generator|H12|causal_temporal_smoother,family2|50|in_family_interpolation|H12|causal_temporal_smoother,family2,50,50,cross_generator,in_family_interpolation,12,12,causal_temporal_smoother,2.6700894269798151e-05,0.00029724619507773297,0,"{""AVAILABLE"":960,""NONCONVERGED"":0,""NONFINITE"":0,""OUTSIDE_TARGET"":0,""UNSTABLE"":0}","{""AVAILABLE"":960,""NONCONVERGED"":0,""NONFINITE"":0,""OUTSIDE_TARGET"":0,""UNSTABLE"":0}",Descriptive raw mean deltas; no superiority threshold is applied.
query_cross_generator_minus_in_family_interpolation,cross_generator,in_family_interpolation,family2|50|cross_generator|H12|fixed_rank_basis,family2|50|in_family_interpolation|H12|fixed_rank_basis,family2,50,50,cross_generator,in_family_interpolation,12,12,fixed_rank_basis,2.3126170425696093e-05,0.00025775673082586856,0,"{""AVAILABLE"":960,""NONCONVERGED"":0,""NONFINITE"":0,""OUTSIDE_TARGET"":0,""UNSTABLE"":0}","{""AVAILABLE"":960,""NONCONVERGED"":0,""NONFINITE"":0,""OUTSIDE_TARGET"":0,""UNSTABLE"":0}",Descriptive raw mean deltas; no superiority threshold is applied.
query_cross_generator_minus_in_family_interpolation,cross_generator,in_family_interpolation,family2|50|cross_generator|H12|local_structured,family2|50|in_family_interpolation|H12|local_structured,family2,50,50,cross_generator,in_family_interpolation,12,12,local_structured,2.6658467285724785e-05,0.00029740037042251923,0,"{""AVAILABLE"":960,""NONCONVERGED"":0,""NONFINITE"":0,""OUTSIDE_TARGET"":0,""UNSTABLE"":0}","{""AVAILABLE"":960,""NONCONVERGED"":0,""NONFINITE"":0,""OUTSIDE_TARGET"":0,""UNSTABLE"":0}",Descriptive raw mean deltas; no superiority threshold is applied.
horizon_h12_minus_h4,H=12,H=4,family1|20|cross_generator|H12|causal_temporal_smoother,family1|20|cross_generator|H4|causal_temporal_smoother,family1,20,20,cross_generator,cross_generator,12,4,causal_temporal_smoother,-0.00079486194089139291,0,0,"{""AVAILABLE"":960,""NONCONVERGED"":0,""NONFINITE"":0,""OUTSIDE_TARGET"":0,""UNSTABLE"":0}","{""AVAILABLE"":960,""NONCONVERGED"":0,""NONFINITE"":0,""OUTSIDE_TARGET"":0,""UNSTABLE"":0}",Descriptive raw mean deltas; no superiority threshold is applied.
horizon_h12_minus_h4,H=12,H=4,family1|20|cross_generator|H12|fixed_rank_basis,family1|20|cross_generator|H4|fixed_rank_basis,family1,20,20,cross_generator,cross_generator,12,4,fixed_rank_basis,-0.00038982851514309403,0,0,"{""AVAILABLE"":960,""NONCONVERGED"":0,""NONFINITE"":0,""OUTSIDE_TARGET"":0,""UNSTABLE"":0}","{""AVAILABLE"":960,""NONCONVERGED"":0,""NONFINITE"":0,""OUTSIDE_TARGET"":0,""UNSTABLE"":0}",Descriptive raw mean deltas; no superiority threshold is applied.
horizon_h12_minus_h4,H=12,H=4,family1|20|cross_generator|H12|local_structured,family1|20|cross_generator|H4|local_structured,family1,20,20,cross_generator,cross_generator,12,4,local_structured,-0.00083568689586136944,0,0,"{""AVAILABLE"":960,""NONCONVERGED"":0,""NONFINITE"":0,""OUTSIDE_TARGET"":0,""UNSTABLE"":0}","{""AVAILABLE"":960,""NONCONVERGED"":0,""NONFINITE"":0,""OUTSIDE_TARGET"":0,""UNSTABLE"":0}",Descriptive raw mean deltas; no superiority threshold is applied.
horizon_h12_minus_h4,H=12,H=4,family1|20|in_family_interpolation|H12|causal_temporal_smoother,family1|20|in_family_interpolation|H4|causal_temporal_smoother,family1,20,20,in_family_interpolation,in_family_interpolation,12,4,causal_temporal_smoother,-0.00065962892380621338,0,0,"{""AVAILABLE"":960,""NONCONVERGED"":0,""NONFINITE"":0,""OUTSIDE_TARGET"":0,""UNSTABLE"":0}","{""AVAILABLE"":960,""NONCONVERGED"":0,""NONFINITE"":0,""OUTSIDE_TARGET"":0,""UNSTABLE"":0}",Descriptive raw mean deltas; no superiority threshold is applied.
horizon_h12_minus_h4,H=12,H=4,family1|20|in_family_interpolation|H12|fixed_rank_basis,family1|20|in_family_interpolation|H4|fixed_rank_basis,family1,20,20,in_family_interpolation,in_family_interpolation,12,4,fixed_rank_basis,-0.00029976333884350131,0,0,"{""AVAILABLE"":960,""NONCONVERGED"":0,""NONFINITE"":0,""OUTSIDE_TARGET"":0,""UNSTABLE"":0}","{""AVAILABLE"":960,""NONCONVERGED"":0,""NONFINITE"":0,""OUTSIDE_TARGET"":0,""UNSTABLE"":0}",Descriptive raw mean deltas; no superiority threshold is applied.
horizon_h12_minus_h4,H=12,H=4,family1|20|in_family_interpolation|H12|local_structured,family1|20|in_family_interpolation|H4|local_structured,family1,20,20,in_family_interpolation,in_family_interpolation,12,4,local_structured,-0.00069570056400034734,0,0,"{""AVAILABLE"":960,""NONCONVERGED"":0,""NONFINITE"":0,""OUTSIDE_TARGET"":0,""UNSTABLE"":0}","{""AVAILABLE"":960,""NONCONVERGED"":0,""NONFINITE"":0,""OUTSIDE_TARGET"":0,""UNSTABLE"":0}",Descriptive raw mean deltas; no superiority threshold is applied.
horizon_h12_minus_h4,H=12,H=4,family1|50|cross_generator|H12|causal_temporal_smoother,family1|50|cross_generator|H4|causal_temporal_smoother,family1,50,50,cross_generator,cross_generator,12,4,causal_temporal_smoother,-0.00029594586821226997,0,0,"{""AVAILABLE"":960,""NONCONVERGED"":0,""NONFINITE"":0,""OUTSIDE_TARGET"":0,""UNSTABLE"":0}","{""AVAILABLE"":960,""NONCONVERGED"":0,""NONFINITE"":0,""OUTSIDE_TARGET"":0,""UNSTABLE"":0}",Descriptive raw mean deltas; no superiority threshold is applied.
horizon_h12_minus_h4,H=12,H=4,family1|50|cross_generator|H12|fixed_rank_basis,family1|50|cross_generator|H4|fixed_rank_basis,family1,50,50,cross_generator,cross_generator,12,4,fixed_rank_basis,-0.00013761381948635044,0,0,"{""AVAILABLE"":960,""NONCONVERGED"":0,""NONFINITE"":0,""OUTSIDE_TARGET"":0,""UNSTABLE"":0}","{""AVAILABLE"":960,""NONCONVERGED"":0,""NONFINITE"":0,""OUTSIDE_TARGET"":0,""UNSTABLE"":0}",Descriptive raw mean deltas; no superiority threshold is applied.
horizon_h12_minus_h4,H=12,H=4,family1|50|cross_generator|H12|local_structured,family1|50|cross_generator|H4|local_structured,family1,50,50,cross_generator,cross_generator,12,4,local_structured,-0.00030944284456673008,0,0,"{""AVAILABLE"":960,""NONCONVERGED"":0,""NONFINITE"":0,""OUTSIDE_TARGET"":0,""UNSTABLE"":0}","{""AVAILABLE"":960,""NONCONVERGED"":0,""NONFINITE"":0,""OUTSIDE_TARGET"":0,""UNSTABLE"":0}",Descriptive raw mean deltas; no superiority threshold is applied.
horizon_h12_minus_h4,H=12,H=4,family1|50|in_family_interpolation|H12|causal_temporal_smoother,family1|50|in_family_interpolation|H4|causal_temporal_smoother,family1,50,50,in_family_interpolation,in_family_interpolation,12,4,causal_temporal_smoother,-0.00022000897493353153,0,0,"{""AVAILABLE"":960,""NONCONVERGED"":0,""NONFINITE"":0,""OUTSIDE_TARGET"":0,""UNSTABLE"":0}","{""AVAILABLE"":960,""NONCONVERGED"":0,""NONFINITE"":0,""OUTSIDE_TARGET"":0,""UNSTABLE"":0}",Descriptive raw mean deltas; no superiority threshold is applied.
horizon_h12_minus_h4,H=12,H=4,family1|50|in_family_interpolation|H12|fixed_rank_basis,family1|50|in_family_interpolation|H4|fixed_rank_basis,family1,50,50,in_family_interpolation,in_family_interpolation,12,4,fixed_rank_basis,-9.3747039939422899e-05,0,0,"{""AVAILABLE"":960,""NONCONVERGED"":0,""NONFINITE"":0,""OUTSIDE_TARGET"":0,""UNSTABLE"":0}","{""AVAILABLE"":960,""NONCONVERGED"":0,""NONFINITE"":0,""OUTSIDE_TARGET"":0,""UNSTABLE"":0}",Descriptive raw mean deltas; no superiority threshold is applied.
horizon_h12_minus_h4,H=12,H=4,family1|50|in_family_interpolation|H12|local_structured,family1|50|in_family_interpolation|H4|local_structured,family1,50,50,in_family_interpolation,in_family_interpolation,12,4,local_structured,-0.00023304465433953027,0,0,"{""AVAILABLE"":960,""NONCONVERGED"":0,""NONFINITE"":0,""OUTSIDE_TARGET"":0,""UNSTABLE"":0}","{""AVAILABLE"":960,""NONCONVERGED"":0,""NONFINITE"":0,""OUTSIDE_TARGET"":0,""UNSTABLE"":0}",Descriptive raw mean deltas; no superiority threshold is applied.
horizon_h12_minus_h4,H=12,H=4,family2|20|cross_generator|H12|causal_temporal_smoother,family2|20|cross_generator|H4|causal_temporal_smoother,family2,20,20,cross_generator,cross_generator,12,4,causal_temporal_smoother,-0.00041857113713011853,0,0,"{""AVAILABLE"":960,""NONCONVERGED"":0,""NONFINITE"":0,""OUTSIDE_TARGET"":0,""UNSTABLE"":0}","{""AVAILABLE"":960,""NONCONVERGED"":0,""NONFINITE"":0,""OUTSIDE_TARGET"":0,""UNSTABLE"":0}",Descriptive raw mean deltas; no superiority threshold is applied.
horizon_h12_minus_h4,H=12,H=4,family2|20|cross_generator|H12|fixed_rank_basis,family2|20|cross_generator|H4|fixed_rank_basis,family2,20,20,cross_generator,cross_generator,12,4,fixed_rank_basis,-0.00034500394198541142,0,0,"{""AVAILABLE"":960,""NONCONVERGED"":0,""NONFINITE"":0,""OUTSIDE_TARGET"":0,""UNSTABLE"":0}","{""AVAILABLE"":960,""NONCONVERGED"":0,""NONFINITE"":0,""OUTSIDE_TARGET"":0,""UNSTABLE"":0}",Descriptive raw mean deltas; no superiority threshold is applied.
horizon_h12_minus_h4,H=12,H=4,family2|20|cross_generator|H12|local_structured,family2|20|cross_generator|H4|local_structured,family2,20,20,cross_generator,cross_generator,12,4,local_structured,-0.00042280744890866358,0,0,"{""AVAILABLE"":960,""NONCONVERGED"":0,""NONFINITE"":0,""OUTSIDE_TARGET"":0,""UNSTABLE"":0}","{""AVAILABLE"":960,""NONCONVERGED"":0,""NONFINITE"":0,""OUTSIDE_TARGET"":0,""UNSTABLE"":0}",Descriptive raw mean deltas; no superiority threshold is applied.
horizon_h12_minus_h4,H=12,H=4,family2|20|in_family_interpolation|H12|causal_temporal_smoother,family2|20|in_family_interpolation|H4|causal_temporal_smoother,family2,20,20,in_family_interpolation,in_family_interpolation,12,4,causal_temporal_smoother,-0.00029095625110819401,0,0,"{""AVAILABLE"":960,""NONCONVERGED"":0,""NONFINITE"":0,""OUTSIDE_TARGET"":0,""UNSTABLE"":0}","{""AVAILABLE"":960,""NONCONVERGED"":0,""NONFINITE"":0,""OUTSIDE_TARGET"":0,""UNSTABLE"":0}",Descriptive raw mean deltas; no superiority threshold is applied.
horizon_h12_minus_h4,H=12,H=4,family2|20|in_family_interpolation|H12|fixed_rank_basis,family2|20|in_family_interpolation|H4|fixed_rank_basis,family2,20,20,in_family_interpolation,in_family_interpolation,12,4,fixed_rank_basis,-0.00021667300142951798,0,0,"{""AVAILABLE"":960,""NONCONVERGED"":0,""NONFINITE"":0,""OUTSIDE_TARGET"":0,""UNSTABLE"":0}","{""AVAILABLE"":960,""NONCONVERGED"":0,""NONFINITE"":0,""OUTSIDE_TARGET"":0,""UNSTABLE"":0}",Descriptive raw mean deltas; no superiority threshold is applied.
horizon_h12_minus_h4,H=12,H=4,family2|20|in_family_interpolation|H12|local_structured,family2|20|in_family_interpolation|H4|local_structured,family2,20,20,in_family_interpolation,in_family_interpolation,12,4,local_structured,-0.0002954357389916562,0,0,"{""AVAILABLE"":960,""NONCONVERGED"":0,""NONFINITE"":0,""OUTSIDE_TARGET"":0,""UNSTABLE"":0}","{""AVAILABLE"":960,""NONCONVERGED"":0,""NONFINITE"":0,""OUTSIDE_TARGET"":0,""UNSTABLE"":0}",Descriptive raw mean deltas; no superiority threshold is applied.
horizon_h12_minus_h4,H=12,H=4,family2|50|cross_generator|H12|causal_temporal_smoother,family2|50|cross_generator|H4|causal_temporal_smoother,family2,50,50,cross_generator,cross_generator,12,4,causal_temporal_smoother,-0.00014749386287968386,0,0,"{""AVAILABLE"":960,""NONCONVERGED"":0,""NONFINITE"":0,""OUTSIDE_TARGET"":0,""UNSTABLE"":0}","{""AVAILABLE"":960,""NONCONVERGED"":0,""NONFINITE"":0,""OUTSIDE_TARGET"":0,""UNSTABLE"":0}",Descriptive raw mean deltas; no superiority threshold is applied.
horizon_h12_minus_h4,H=12,H=4,family2|50|cross_generator|H12|fixed_rank_basis,family2|50|cross_generator|H4|fixed_rank_basis,family2,50,50,cross_generator,cross_generator,12,4,fixed_rank_basis,-0.00011218282795980218,0,0,"{""AVAILABLE"":960,""NONCONVERGED"":0,""NONFINITE"":0,""OUTSIDE_TARGET"":0,""UNSTABLE"":0}","{""AVAILABLE"":960,""NONCONVERGED"":0,""NONFINITE"":0,""OUTSIDE_TARGET"":0,""UNSTABLE"":0}",Descriptive raw mean deltas; no superiority threshold is applied.
horizon_h12_minus_h4,H=12,H=4,family2|50|cross_generator|H12|local_structured,family2|50|cross_generator|H4|local_structured,family2,50,50,cross_generator,cross_generator,12,4,local_structured,-0.00014977412148984328,0,0,"{""AVAILABLE"":960,""NONCONVERGED"":0,""NONFINITE"":0,""OUTSIDE_TARGET"":0,""UNSTABLE"":0}","{""AVAILABLE"":960,""NONCONVERGED"":0,""NONFINITE"":0,""OUTSIDE_TARGET"":0,""UNSTABLE"":0}",Descriptive raw mean deltas; no superiority threshold is applied.
horizon_h12_minus_h4,H=12,H=4,family2|50|in_family_interpolation|H12|causal_temporal_smoother,family2|50|in_family_interpolation|H4|causal_temporal_smoother,family2,50,50,in_family_interpolation,in_family_interpolation,12,4,causal_temporal_smoother,-9.4153761990107572e-05,0,0,"{""AVAILABLE"":960,""NONCONVERGED"":0,""NONFINITE"":0,""OUTSIDE_TARGET"":0,""UNSTABLE"":0}","{""AVAILABLE"":960,""NONCONVERGED"":0,""NONFINITE"":0,""OUTSIDE_TARGET"":0,""UNSTABLE"":0}",Descriptive raw mean deltas; no superiority threshold is applied.
horizon_h12_minus_h4,H=12,H=4,family2|50|in_family_interpolation|H12|fixed_rank_basis,family2|50|in_family_interpolation|H4|fixed_rank_basis,family2,50,50,in_family_interpolation,in_family_interpolation,12,4,fixed_rank_basis,-6.5950935542800269e-05,0,0,"{""AVAILABLE"":960,""NONCONVERGED"":0,""NONFINITE"":0,""OUTSIDE_TARGET"":0,""UNSTABLE"":0}","{""AVAILABLE"":960,""NONCONVERGED"":0,""NONFINITE"":0,""OUTSIDE_TARGET"":0,""UNSTABLE"":0}",Descriptive raw mean deltas; no superiority threshold is applied.
horizon_h12_minus_h4,H=12,H=4,family2|50|in_family_interpolation|H12|local_structured,family2|50|in_family_interpolation|H4|local_structured,family2,50,50,in_family_interpolation,in_family_interpolation,12,4,local_structured,-9.6499260406372002e-05,0,0,"{""AVAILABLE"":960,""NONCONVERGED"":0,""NONFINITE"":0,""OUTSIDE_TARGET"":0,""UNSTABLE"":0}","{""AVAILABLE"":960,""NONCONVERGED"":0,""NONFINITE"":0,""OUTSIDE_TARGET"":0,""UNSTABLE"":0}",Descriptive raw mean deltas; no superiority threshold is applied.
