pair_id,family,n,query_class,horizon,candidate_method,comparator_method,declared_date_keys,common_completion_date_keys,candidate_status_counts,comparator_status_counts,operator_difference_stats_candidate_minus_comparator,response_difference_stats_candidate_minus_comparator,operator_candidate_lower_count,operator_candidate_higher_count,operator_tie_count,response_candidate_lower_count,response_candidate_higher_count,response_tie_count,comparison_metric_note,retention
family1|20|cross_generator|H12|fixed_rank_basis_vs_causal_temporal_smoother,family1,20,cross_generator,12,fixed_rank_basis,causal_temporal_smoother,960,960,"{""AVAILABLE"":960,""NONCONVERGED"":0,""NONFINITE"":0,""OUTSIDE_TARGET"":0,""UNSTABLE"":0}","{""AVAILABLE"":960,""NONCONVERGED"":0,""NONFINITE"":0,""OUTSIDE_TARGET"":0,""UNSTABLE"":0}","{""count"":960,""finite_count"":960,""invalid_count"":0,""max"":0.0023907557868646325,""mean"":-0.0019293628769386647,""median"":-0.0018564933824510132,""min"":-0.005544086348111445,""missing_count"":0,""nonfinite_count"":0,""q25"":-0.0026998655776458366,""q75"":-0.0011449495919821984,""std_population"":0.0011566690634220434}","{""count"":960,""finite_count"":960,""invalid_count"":0,""max"":0.00033482476225850876,""mean"":-0.00020642189992656356,""median"":-0.00019917171180362033,""min"":-0.0006357273794388734,""missing_count"":0,""nonfinite_count"":0,""q25"":-0.0002809185201502047,""q75"":-0.00012268528165457836,""std_population"":0.0001239581494700463}",930,30,0,928,32,0,Raw paired MSE differences only; no post-outcome log-ratio or CI is constructed.,"{""dropped_values"":0,""operator_difference_values_accounted_for"":960,""response_difference_values_accounted_for"":960}"
family1|20|cross_generator|H12|fixed_rank_basis_vs_local_structured,family1,20,cross_generator,12,fixed_rank_basis,local_structured,960,960,"{""AVAILABLE"":960,""NONCONVERGED"":0,""NONFINITE"":0,""OUTSIDE_TARGET"":0,""UNSTABLE"":0}","{""AVAILABLE"":960,""NONCONVERGED"":0,""NONFINITE"":0,""OUTSIDE_TARGET"":0,""UNSTABLE"":0}","{""count"":960,""finite_count"":960,""invalid_count"":0,""max"":0.0022512079691801336,""mean"":-0.002058931570865153,""median"":-0.0019736672809568777,""min"":-0.006844075475104539,""missing_count"":0,""nonfinite_count"":0,""q25"":-0.0028463132303488143,""q75"":-0.001279150313291361,""std_population"":0.0011719391895644046}","{""count"":960,""finite_count"":960,""invalid_count"":0,""max"":0.0002855048855262782,""mean"":-0.0002285542022629698,""median"":-0.00022391412163110577,""min"":-0.0006925100828797749,""missing_count"":0,""nonfinite_count"":0,""q25"":-0.0003122237832637401,""q75"":-0.0001402856658218477,""std_population"":0.00012894444827796323}",934,26,0,933,27,0,Raw paired MSE differences only; no post-outcome log-ratio or CI is constructed.,"{""dropped_values"":0,""operator_difference_values_accounted_for"":960,""response_difference_values_accounted_for"":960}"
family1|20|cross_generator|H4|fixed_rank_basis_vs_causal_temporal_smoother,family1,20,cross_generator,4,fixed_rank_basis,causal_temporal_smoother,960,960,"{""AVAILABLE"":960,""NONCONVERGED"":0,""NONFINITE"":0,""OUTSIDE_TARGET"":0,""UNSTABLE"":0}","{""AVAILABLE"":960,""NONCONVERGED"":0,""NONFINITE"":0,""OUTSIDE_TARGET"":0,""UNSTABLE"":0}","{""count"":960,""finite_count"":960,""invalid_count"":0,""max"":0.0023907557868646325,""mean"":-0.0019293628769386647,""median"":-0.0018564933824510132,""min"":-0.005544086348111445,""missing_count"":0,""nonfinite_count"":0,""q25"":-0.0026998655776458366,""q75"":-0.0011449495919821984,""std_population"":0.0011566690634220434}","{""count"":960,""finite_count"":960,""invalid_count"":0,""max"":0.0009804133653596799,""mean"":-0.0006114553256748623,""median"":-0.0005907071185148666,""min"":-0.0017226202359467424,""missing_count"":0,""nonfinite_count"":0,""q25"":-0.0008305009267151259,""q75"":-0.00036633683380475233,""std_population"":0.0003658240052234104}",930,30,0,928,32,0,Raw paired MSE differences only; no post-outcome log-ratio or CI is constructed.,"{""dropped_values"":0,""operator_difference_values_accounted_for"":960,""response_difference_values_accounted_for"":960}"
family1|20|cross_generator|H4|fixed_rank_basis_vs_local_structured,family1,20,cross_generator,4,fixed_rank_basis,local_structured,960,960,"{""AVAILABLE"":960,""NONCONVERGED"":0,""NONFINITE"":0,""OUTSIDE_TARGET"":0,""UNSTABLE"":0}","{""AVAILABLE"":960,""NONCONVERGED"":0,""NONFINITE"":0,""OUTSIDE_TARGET"":0,""UNSTABLE"":0}","{""count"":960,""finite_count"":960,""invalid_count"":0,""max"":0.0022512079691801336,""mean"":-0.002058931570865153,""median"":-0.0019736672809568777,""min"":-0.006844075475104539,""missing_count"":0,""nonfinite_count"":0,""q25"":-0.0028463132303488143,""q75"":-0.001279150313291361,""std_population"":0.0011719391895644046}","{""count"":960,""finite_count"":960,""invalid_count"":0,""max"":0.0008268887091898013,""mean"":-0.0006744125829812451,""median"":-0.0006631096247698923,""min"":-0.002059985281698915,""missing_count"":0,""nonfinite_count"":0,""q25"":-0.0009223856835837176,""q75"":-0.000414976369175821,""std_population"":0.00037839707422189224}",934,26,0,933,27,0,Raw paired MSE differences only; no post-outcome log-ratio or CI is constructed.,"{""dropped_values"":0,""operator_difference_values_accounted_for"":960,""response_difference_values_accounted_for"":960}"
family1|20|in_family_interpolation|H12|fixed_rank_basis_vs_causal_temporal_smoother,family1,20,in_family_interpolation,12,fixed_rank_basis,causal_temporal_smoother,960,960,"{""AVAILABLE"":960,""NONCONVERGED"":0,""NONFINITE"":0,""OUTSIDE_TARGET"":0,""UNSTABLE"":0}","{""AVAILABLE"":960,""NONCONVERGED"":0,""NONFINITE"":0,""OUTSIDE_TARGET"":0,""UNSTABLE"":0}","{""count"":960,""finite_count"":960,""invalid_count"":0,""max"":0.0019287726276218343,""mean"":-0.0017789453508638775,""median"":-0.0017787477692319162,""min"":-0.004754353960472815,""missing_count"":0,""nonfinite_count"":0,""q25"":-0.0023332229229961372,""q75"":-0.0011968900140909512,""std_population"":0.0009277615279566096}","{""count"":960,""finite_count"":960,""invalid_count"":0,""max"":0.0001910826719604227,""mean"":-0.00018196452225431763,""median"":-0.00017761613237622623,""min"":-0.0007017680666473405,""missing_count"":0,""nonfinite_count"":0,""q25"":-0.00023287169254325769,""q75"":-0.00012134205774089523,""std_population"":9.526725095253357e-05}",935,25,0,941,19,0,Raw paired MSE differences only; no post-outcome log-ratio or CI is constructed.,"{""dropped_values"":0,""operator_difference_values_accounted_for"":960,""response_difference_values_accounted_for"":960}"
family1|20|in_family_interpolation|H12|fixed_rank_basis_vs_local_structured,family1,20,in_family_interpolation,12,fixed_rank_basis,local_structured,960,960,"{""AVAILABLE"":960,""NONCONVERGED"":0,""NONFINITE"":0,""OUTSIDE_TARGET"":0,""UNSTABLE"":0}","{""AVAILABLE"":960,""NONCONVERGED"":0,""NONFINITE"":0,""OUTSIDE_TARGET"":0,""UNSTABLE"":0}","{""count"":960,""finite_count"":960,""invalid_count"":0,""max"":0.0015807863991987004,""mean"":-0.0019021814374510573,""median"":-0.0018809342622354373,""min"":-0.00593451315731719,""missing_count"":0,""nonfinite_count"":0,""q25"":-0.0024801380895961137,""q75"":-0.0013190490572734701,""std_population"":0.000943764004676845}","{""count"":960,""finite_count"":960,""invalid_count"":0,""max"":0.00017680087525810445,""mean"":-0.00020121312354876155,""median"":-0.00019571449638519276,""min"":-0.0006994162633828684,""missing_count"":0,""nonfinite_count"":0,""q25"":-0.0002540190869836569,""q75"":-0.0001369792103760624,""std_population"":0.00010135635426991483}",939,21,0,945,15,0,Raw paired MSE differences only; no post-outcome log-ratio or CI is constructed.,"{""dropped_values"":0,""operator_difference_values_accounted_for"":960,""response_difference_values_accounted_for"":960}"
family1|20|in_family_interpolation|H4|fixed_rank_basis_vs_causal_temporal_smoother,family1,20,in_family_interpolation,4,fixed_rank_basis,causal_temporal_smoother,960,960,"{""AVAILABLE"":960,""NONCONVERGED"":0,""NONFINITE"":0,""OUTSIDE_TARGET"":0,""UNSTABLE"":0}","{""AVAILABLE"":960,""NONCONVERGED"":0,""NONFINITE"":0,""OUTSIDE_TARGET"":0,""UNSTABLE"":0}","{""count"":960,""finite_count"":960,""invalid_count"":0,""max"":0.0019287726276218343,""mean"":-0.0017789453508638775,""median"":-0.0017787477692319162,""min"":-0.004754353960472815,""missing_count"":0,""nonfinite_count"":0,""q25"":-0.0023332229229961372,""q75"":-0.0011968900140909512,""std_population"":0.0009277615279566096}","{""count"":960,""finite_count"":960,""invalid_count"":0,""max"":0.0005705480811045867,""mean"":-0.0005418301072170297,""median"":-0.0005313870496224086,""min"":-0.0018739953712930335,""missing_count"":0,""nonfinite_count"":0,""q25"":-0.0006963761074581958,""q75"":-0.0003617529755400486,""std_population"":0.0002808020890898048}",935,25,0,941,19,0,Raw paired MSE differences only; no post-outcome log-ratio or CI is constructed.,"{""dropped_values"":0,""operator_difference_values_accounted_for"":960,""response_difference_values_accounted_for"":960}"
family1|20|in_family_interpolation|H4|fixed_rank_basis_vs_local_structured,family1,20,in_family_interpolation,4,fixed_rank_basis,local_structured,960,960,"{""AVAILABLE"":960,""NONCONVERGED"":0,""NONFINITE"":0,""OUTSIDE_TARGET"":0,""UNSTABLE"":0}","{""AVAILABLE"":960,""NONCONVERGED"":0,""NONFINITE"":0,""OUTSIDE_TARGET"":0,""UNSTABLE"":0}","{""count"":960,""finite_count"":960,""invalid_count"":0,""max"":0.0015807863991987004,""mean"":-0.0019021814374510573,""median"":-0.0018809342622354373,""min"":-0.00593451315731719,""missing_count"":0,""nonfinite_count"":0,""q25"":-0.0024801380895961137,""q75"":-0.0013190490572734701,""std_population"":0.000943764004676845}","{""count"":960,""finite_count"":960,""invalid_count"":0,""max"":0.0005153442421988849,""mean"":-0.0005971503487056078,""median"":-0.0005840447983389793,""min"":-0.001807546630072729,""missing_count"":0,""nonfinite_count"":0,""q25"":-0.000757363620946399,""q75"":-0.00040862309530636414,""std_population"":0.000295915062073375}",939,21,0,945,15,0,Raw paired MSE differences only; no post-outcome log-ratio or CI is constructed.,"{""dropped_values"":0,""operator_difference_values_accounted_for"":960,""response_difference_values_accounted_for"":960}"
family1|50|cross_generator|H12|fixed_rank_basis_vs_causal_temporal_smoother,family1,50,cross_generator,12,fixed_rank_basis,causal_temporal_smoother,960,960,"{""AVAILABLE"":960,""NONCONVERGED"":0,""NONFINITE"":0,""OUTSIDE_TARGET"":0,""UNSTABLE"":0}","{""AVAILABLE"":960,""NONCONVERGED"":0,""NONFINITE"":0,""OUTSIDE_TARGET"":0,""UNSTABLE"":0}","{""count"":960,""finite_count"":960,""invalid_count"":0,""max"":0.00012344266623854423,""mean"":-0.000799933919106281,""median"":-0.0008060237420520203,""min"":-0.0016891790677397737,""missing_count"":0,""nonfinite_count"":0,""q25"":-0.0009995043193920502,""q75"":-0.0006014511162936328,""std_population"":0.00029269484873550215}","{""count"":960,""finite_count"":960,""invalid_count"":0,""max"":1.5144580480653714e-05,""mean"":-7.98811188910999e-05,""median"":-7.954211230125905e-05,""min"":-0.00017238334891926893,""missing_count"":0,""nonfinite_count"":0,""q25"":-0.00010048390557306161,""q75"":-5.946985574778525e-05,""std_population"":3.0038602184208757e-05}",952,8,0,957,3,0,Raw paired MSE differences only; no post-outcome log-ratio or CI is constructed.,"{""dropped_values"":0,""operator_difference_values_accounted_for"":960,""response_difference_values_accounted_for"":960}"
family1|50|cross_generator|H12|fixed_rank_basis_vs_local_structured,family1,50,cross_generator,12,fixed_rank_basis,local_structured,960,960,"{""AVAILABLE"":960,""NONCONVERGED"":0,""NONFINITE"":0,""OUTSIDE_TARGET"":0,""UNSTABLE"":0}","{""AVAILABLE"":960,""NONCONVERGED"":0,""NONFINITE"":0,""OUTSIDE_TARGET"":0,""UNSTABLE"":0}","{""count"":960,""finite_count"":960,""invalid_count"":0,""max"":8.229634229460264e-05,""mean"":-0.0008499202560258924,""median"":-0.0008556523217026992,""min"":-0.0018748869354140185,""missing_count"":0,""nonfinite_count"":0,""q25"":-0.0010434834655529517,""q75"":-0.0006560631291237218,""std_population"":0.0002967281982171086}","{""count"":960,""finite_count"":960,""invalid_count"":0,""max"":4.89483464771578e-06,""mean"":-8.72250226939608e-05,""median"":-8.654425035149364e-05,""min"":-0.00020611095334294914,""missing_count"":0,""nonfinite_count"":0,""q25"":-0.00010824170839942188,""q75"":-6.680144457597168e-05,""std_population"":3.13495016505462e-05}",957,3,0,958,2,0,Raw paired MSE differences only; no post-outcome log-ratio or CI is constructed.,"{""dropped_values"":0,""operator_difference_values_accounted_for"":960,""response_difference_values_accounted_for"":960}"
family1|50|cross_generator|H4|fixed_rank_basis_vs_causal_temporal_smoother,family1,50,cross_generator,4,fixed_rank_basis,causal_temporal_smoother,960,960,"{""AVAILABLE"":960,""NONCONVERGED"":0,""NONFINITE"":0,""OUTSIDE_TARGET"":0,""UNSTABLE"":0}","{""AVAILABLE"":960,""NONCONVERGED"":0,""NONFINITE"":0,""OUTSIDE_TARGET"":0,""UNSTABLE"":0}","{""count"":960,""finite_count"":960,""invalid_count"":0,""max"":0.00012344266623854423,""mean"":-0.000799933919106281,""median"":-0.0008060237420520203,""min"":-0.0016891790677397737,""missing_count"":0,""nonfinite_count"":0,""q25"":-0.0009995043193920502,""q75"":-0.0006014511162936328,""std_population"":0.00029269484873550215}","{""count"":960,""finite_count"":960,""invalid_count"":0,""max"":4.53988121606529e-05,""mean"":-0.0002382131676170194,""median"":-0.00023870006652689744,""min"":-0.0005155825806463961,""missing_count"":0,""nonfinite_count"":0,""q25"":-0.0002990506046189418,""q75"":-0.00017718833929969825,""std_population"":8.907592550261855e-05}",952,8,0,957,3,0,Raw paired MSE differences only; no post-outcome log-ratio or CI is constructed.,"{""dropped_values"":0,""operator_difference_values_accounted_for"":960,""response_difference_values_accounted_for"":960}"
family1|50|cross_generator|H4|fixed_rank_basis_vs_local_structured,family1,50,cross_generator,4,fixed_rank_basis,local_structured,960,960,"{""AVAILABLE"":960,""NONCONVERGED"":0,""NONFINITE"":0,""OUTSIDE_TARGET"":0,""UNSTABLE"":0}","{""AVAILABLE"":960,""NONCONVERGED"":0,""NONFINITE"":0,""OUTSIDE_TARGET"":0,""UNSTABLE"":0}","{""count"":960,""finite_count"":960,""invalid_count"":0,""max"":8.229634229460264e-05,""mean"":-0.0008499202560258924,""median"":-0.0008556523217026992,""min"":-0.0018748869354140185,""missing_count"":0,""nonfinite_count"":0,""q25"":-0.0010434834655529517,""q75"":-0.0006560631291237218,""std_population"":0.0002967281982171086}","{""count"":960,""finite_count"":960,""invalid_count"":0,""max"":1.446857399732814e-05,""mean"":-0.00025905404777434046,""median"":-0.00025730761740925157,""min"":-0.0005879230803252055,""missing_count"":0,""nonfinite_count"":0,""q25"":-0.000321350386871481,""q75"":-0.00019891716232085249,""std_population"":9.196558037949013e-05}",957,3,0,958,2,0,Raw paired MSE differences only; no post-outcome log-ratio or CI is constructed.,"{""dropped_values"":0,""operator_difference_values_accounted_for"":960,""response_difference_values_accounted_for"":960}"
family1|50|in_family_interpolation|H12|fixed_rank_basis_vs_causal_temporal_smoother,family1,50,in_family_interpolation,12,fixed_rank_basis,causal_temporal_smoother,960,960,"{""AVAILABLE"":960,""NONCONVERGED"":0,""NONFINITE"":0,""OUTSIDE_TARGET"":0,""UNSTABLE"":0}","{""AVAILABLE"":960,""NONCONVERGED"":0,""NONFINITE"":0,""OUTSIDE_TARGET"":0,""UNSTABLE"":0}","{""count"":960,""finite_count"":960,""invalid_count"":0,""max"":0.00015872069363121626,""mean"":-0.0006488568993946747,""median"":-0.0006562984672210035,""min"":-0.0014430016374183347,""missing_count"":0,""nonfinite_count"":0,""q25"":-0.0007923793021448642,""q75"":-0.0005131647640256743,""std_population"":0.0002287638061212562}","{""count"":960,""finite_count"":960,""invalid_count"":0,""max"":1.5831001386201515e-05,""mean"":-6.373822587957934e-05,""median"":-6.371976398370202e-05,""min"":-0.00014418753871417694,""missing_count"":0,""nonfinite_count"":0,""q25"":-7.888812327991684e-05,""q75"":-4.97250077021935e-05,""std_population"":2.3348840784024252e-05}",956,4,0,955,5,0,Raw paired MSE differences only; no post-outcome log-ratio or CI is constructed.,"{""dropped_values"":0,""operator_difference_values_accounted_for"":960,""response_difference_values_accounted_for"":960}"
family1|50|in_family_interpolation|H12|fixed_rank_basis_vs_local_structured,family1,50,in_family_interpolation,12,fixed_rank_basis,local_structured,960,960,"{""AVAILABLE"":960,""NONCONVERGED"":0,""NONFINITE"":0,""OUTSIDE_TARGET"":0,""UNSTABLE"":0}","{""AVAILABLE"":960,""NONCONVERGED"":0,""NONFINITE"":0,""OUTSIDE_TARGET"":0,""UNSTABLE"":0}","{""count"":960,""finite_count"":960,""invalid_count"":0,""max"":0.00013422511545080253,""mean"":-0.0006984093581879845,""median"":-0.0006975710629006609,""min"":-0.001889769724539038,""missing_count"":0,""nonfinite_count"":0,""q25"":-0.0008397344508201104,""q75"":-0.0005502875365430527,""std_population"":0.00024030178468635168}","{""count"":960,""finite_count"":960,""invalid_count"":0,""max"":1.0897573127374323e-05,""mean"":-7.080643568917216e-05,""median"":-6.939688014289815e-05,""min"":-0.0001853610743902341,""missing_count"":0,""nonfinite_count"":0,""q25"":-8.441367845775916e-05,""q75"":-5.526461773932854e-05,""std_population"":2.5557800280856553e-05}",957,3,0,956,4,0,Raw paired MSE differences only; no post-outcome log-ratio or CI is constructed.,"{""dropped_values"":0,""operator_difference_values_accounted_for"":960,""response_difference_values_accounted_for"":960}"
family1|50|in_family_interpolation|H4|fixed_rank_basis_vs_causal_temporal_smoother,family1,50,in_family_interpolation,4,fixed_rank_basis,causal_temporal_smoother,960,960,"{""AVAILABLE"":960,""NONCONVERGED"":0,""NONFINITE"":0,""OUTSIDE_TARGET"":0,""UNSTABLE"":0}","{""AVAILABLE"":960,""NONCONVERGED"":0,""NONFINITE"":0,""OUTSIDE_TARGET"":0,""UNSTABLE"":0}","{""count"":960,""finite_count"":960,""invalid_count"":0,""max"":0.00015872069363121626,""mean"":-0.0006488568993946747,""median"":-0.0006562984672210035,""min"":-0.0014430016374183347,""missing_count"":0,""nonfinite_count"":0,""q25"":-0.0007923793021448642,""q75"":-0.0005131647640256743,""std_population"":0.0002287638061212562}","{""count"":960,""finite_count"":960,""invalid_count"":0,""max"":4.731434037167525e-05,""mean"":-0.000190000160873688,""median"":-0.00019057022385598972,""min"":-0.00043029795563359066,""missing_count"":0,""nonfinite_count"":0,""q25"":-0.0002349947871353526,""q75"":-0.0001484541272933789,""std_population"":6.91268263786588e-05}",956,4,0,955,5,0,Raw paired MSE differences only; no post-outcome log-ratio or CI is constructed.,"{""dropped_values"":0,""operator_difference_values_accounted_for"":960,""response_difference_values_accounted_for"":960}"
family1|50|in_family_interpolation|H4|fixed_rank_basis_vs_local_structured,family1,50,in_family_interpolation,4,fixed_rank_basis,local_structured,960,960,"{""AVAILABLE"":960,""NONCONVERGED"":0,""NONFINITE"":0,""OUTSIDE_TARGET"":0,""UNSTABLE"":0}","{""AVAILABLE"":960,""NONCONVERGED"":0,""NONFINITE"":0,""OUTSIDE_TARGET"":0,""UNSTABLE"":0}","{""count"":960,""finite_count"":960,""invalid_count"":0,""max"":0.00013422511545080253,""mean"":-0.0006984093581879845,""median"":-0.0006975710629006609,""min"":-0.001889769724539038,""missing_count"":0,""nonfinite_count"":0,""q25"":-0.0008397344508201104,""q75"":-0.0005502875365430527,""std_population"":0.00024030178468635168}","{""count"":960,""finite_count"":960,""invalid_count"":0,""max"":3.055113988628986e-05,""mean"":-0.0002101040500892795,""median"":-0.00020713314727644437,""min"":-0.0005535790266076785,""missing_count"":0,""nonfinite_count"":0,""q25"":-0.00025127424260528765,""q75"":-0.00016531754229599777,""std_population"":7.442155356275791e-05}",957,3,0,956,4,0,Raw paired MSE differences only; no post-outcome log-ratio or CI is constructed.,"{""dropped_values"":0,""operator_difference_values_accounted_for"":960,""response_difference_values_accounted_for"":960}"
family2|20|cross_generator|H12|fixed_rank_basis_vs_causal_temporal_smoother,family2,20,cross_generator,12,fixed_rank_basis,causal_temporal_smoother,960,960,"{""AVAILABLE"":960,""NONCONVERGED"":0,""NONFINITE"":0,""OUTSIDE_TARGET"":0,""UNSTABLE"":0}","{""AVAILABLE"":960,""NONCONVERGED"":0,""NONFINITE"":0,""OUTSIDE_TARGET"":0,""UNSTABLE"":0}","{""count"":960,""finite_count"":960,""invalid_count"":0,""max"":0.0019734101286812715,""mean"":-0.00040379151373767797,""median"":-0.00038632806373902926,""min"":-0.0027362239000808214,""missing_count"":0,""nonfinite_count"":0,""q25"":-0.0008000714210806244,""q75"":1.3703986742163131e-05,""std_population"":0.0006492041672411047}","{""count"":960,""finite_count"":960,""invalid_count"":0,""max"":0.0001670656237407414,""mean"":-3.684257228256282e-05,""median"":-3.480441063874412e-05,""min"":-0.00029567607340056176,""missing_count"":0,""nonfinite_count"":0,""q25"":-7.03716961675553e-05,""q75"":8.388315670050485e-07,""std_population"":5.789238387693953e-05}",706,254,0,712,248,0,Raw paired MSE differences only; no post-outcome log-ratio or CI is constructed.,"{""dropped_values"":0,""operator_difference_values_accounted_for"":960,""response_difference_values_accounted_for"":960}"
family2|20|cross_generator|H12|fixed_rank_basis_vs_local_structured,family2,20,cross_generator,12,fixed_rank_basis,local_structured,960,960,"{""AVAILABLE"":960,""NONCONVERGED"":0,""NONFINITE"":0,""OUTSIDE_TARGET"":0,""UNSTABLE"":0}","{""AVAILABLE"":960,""NONCONVERGED"":0,""NONFINITE"":0,""OUTSIDE_TARGET"":0,""UNSTABLE"":0}","{""count"":960,""finite_count"":960,""invalid_count"":0,""max"":0.001975080996558775,""mean"":-0.00042557387053004616,""median"":-0.00039477826215747784,""min"":-0.0030042655468270583,""missing_count"":0,""nonfinite_count"":0,""q25"":-0.0008386160987620022,""q75"":-1.6731216068002546e-06,""std_population"":0.0007054132090608152}","{""count"":960,""finite_count"":960,""invalid_count"":0,""max"":0.0001581220151321056,""mean"":-3.8994268726651235e-05,""median"":-3.633753157296962e-05,""min"":-0.0002769085052510785,""missing_count"":0,""nonfinite_count"":0,""q25"":-7.432469788687553e-05,""q75"":-4.997923692972743e-07,""std_population"":6.259498848079772e-05}",720,240,0,723,237,0,Raw paired MSE differences only; no post-outcome log-ratio or CI is constructed.,"{""dropped_values"":0,""operator_difference_values_accounted_for"":960,""response_difference_values_accounted_for"":960}"
family2|20|cross_generator|H4|fixed_rank_basis_vs_causal_temporal_smoother,family2,20,cross_generator,4,fixed_rank_basis,causal_temporal_smoother,960,960,"{""AVAILABLE"":960,""NONCONVERGED"":0,""NONFINITE"":0,""OUTSIDE_TARGET"":0,""UNSTABLE"":0}","{""AVAILABLE"":960,""NONCONVERGED"":0,""NONFINITE"":0,""OUTSIDE_TARGET"":0,""UNSTABLE"":0}","{""count"":960,""finite_count"":960,""invalid_count"":0,""max"":0.0019734101286812715,""mean"":-0.00040379151373767797,""median"":-0.00038632806373902926,""min"":-0.0027362239000808214,""missing_count"":0,""nonfinite_count"":0,""q25"":-0.0008000714210806244,""q75"":1.3703986742163131e-05,""std_population"":0.0006492041672411047}","{""count"":960,""finite_count"":960,""invalid_count"":0,""max"":0.0005016488079450515,""mean"":-0.00011040976742726999,""median"":-0.00010460931132780016,""min"":-0.000876909282586844,""missing_count"":0,""nonfinite_count"":0,""q25"":-0.0002107732734520768,""q75"":2.795915904879801e-06,""std_population"":0.00017316920800564576}",706,254,0,712,248,0,Raw paired MSE differences only; no post-outcome log-ratio or CI is constructed.,"{""dropped_values"":0,""operator_difference_values_accounted_for"":960,""response_difference_values_accounted_for"":960}"
family2|20|cross_generator|H4|fixed_rank_basis_vs_local_structured,family2,20,cross_generator,4,fixed_rank_basis,local_structured,960,960,"{""AVAILABLE"":960,""NONCONVERGED"":0,""NONFINITE"":0,""OUTSIDE_TARGET"":0,""UNSTABLE"":0}","{""AVAILABLE"":960,""NONCONVERGED"":0,""NONFINITE"":0,""OUTSIDE_TARGET"":0,""UNSTABLE"":0}","{""count"":960,""finite_count"":960,""invalid_count"":0,""max"":0.001975080996558775,""mean"":-0.00042557387053004616,""median"":-0.00039477826215747784,""min"":-0.0030042655468270583,""missing_count"":0,""nonfinite_count"":0,""q25"":-0.0008386160987620022,""q75"":-1.6731216068002546e-06,""std_population"":0.0007054132090608152}","{""count"":960,""finite_count"":960,""invalid_count"":0,""max"":0.00047709021010707594,""mean"":-0.00011679777564990337,""median"":-0.00010873063610010019,""min"":-0.0008275816886653428,""missing_count"":0,""nonfinite_count"":0,""q25"":-0.0002229467115628378,""q75"":-1.3936596776830356e-06,""std_population"":0.00018728572067362747}",720,240,0,723,237,0,Raw paired MSE differences only; no post-outcome log-ratio or CI is constructed.,"{""dropped_values"":0,""operator_difference_values_accounted_for"":960,""response_difference_values_accounted_for"":960}"
family2|20|in_family_interpolation|H12|fixed_rank_basis_vs_causal_temporal_smoother,family2,20,in_family_interpolation,12,fixed_rank_basis,causal_temporal_smoother,960,960,"{""AVAILABLE"":960,""NONCONVERGED"":0,""NONFINITE"":0,""OUTSIDE_TARGET"":0,""UNSTABLE"":0}","{""AVAILABLE"":960,""NONCONVERGED"":0,""NONFINITE"":0,""OUTSIDE_TARGET"":0,""UNSTABLE"":0}","{""count"":960,""finite_count"":960,""invalid_count"":0,""max"":0.0007742039674900887,""mean"":-0.00041789329902511616,""median"":-0.0003776020120677592,""min"":-0.0019205449680300996,""missing_count"":0,""nonfinite_count"":0,""q25"":-0.0006380929193032206,""q75"":-0.0001718088420305928,""std_population"":0.0003970354001831622}","{""count"":960,""finite_count"":960,""invalid_count"":0,""max"":6.667253327636277e-05,""mean"":-3.721536915501089e-05,""median"":-3.2515770205417845e-05,""min"":-0.00021773692237450366,""missing_count"":0,""nonfinite_count"":0,""q25"":-5.7603343812263324e-05,""q75"":-1.485859144996281e-05,""std_population"":3.6208241151817275e-05}",833,127,0,827,133,0,Raw paired MSE differences only; no post-outcome log-ratio or CI is constructed.,"{""dropped_values"":0,""operator_difference_values_accounted_for"":960,""response_difference_values_accounted_for"":960}"
family2|20|in_family_interpolation|H12|fixed_rank_basis_vs_local_structured,family2,20,in_family_interpolation,12,fixed_rank_basis,local_structured,960,960,"{""AVAILABLE"":960,""NONCONVERGED"":0,""NONFINITE"":0,""OUTSIDE_TARGET"":0,""UNSTABLE"":0}","{""AVAILABLE"":960,""NONCONVERGED"":0,""NONFINITE"":0,""OUTSIDE_TARGET"":0,""UNSTABLE"":0}","{""count"":960,""finite_count"":960,""invalid_count"":0,""max"":0.000733137795240209,""mean"":-0.000442020263087673,""median"":-0.0004027210099894382,""min"":-0.0023973060313588323,""missing_count"":0,""nonfinite_count"":0,""q25"":-0.0006594905318050986,""q75"":-0.0001902493417759086,""std_population"":0.00043009917823907576}","{""count"":960,""finite_count"":960,""invalid_count"":0,""max"":6.321148640753781e-05,""mean"":-3.948143461127066e-05,""median"":-3.491168656683787e-05,""min"":-0.00021615216338342175,""missing_count"":0,""nonfinite_count"":0,""q25"":-5.762427632599777e-05,""q75"":-1.6225418744974762e-05,""std_population"":3.9329016169014386e-05}",832,128,0,829,131,0,Raw paired MSE differences only; no post-outcome log-ratio or CI is constructed.,"{""dropped_values"":0,""operator_difference_values_accounted_for"":960,""response_difference_values_accounted_for"":960}"
family2|20|in_family_interpolation|H4|fixed_rank_basis_vs_causal_temporal_smoother,family2,20,in_family_interpolation,4,fixed_rank_basis,causal_temporal_smoother,960,960,"{""AVAILABLE"":960,""NONCONVERGED"":0,""NONFINITE"":0,""OUTSIDE_TARGET"":0,""UNSTABLE"":0}","{""AVAILABLE"":960,""NONCONVERGED"":0,""NONFINITE"":0,""OUTSIDE_TARGET"":0,""UNSTABLE"":0}","{""count"":960,""finite_count"":960,""invalid_count"":0,""max"":0.0007742039674900887,""mean"":-0.00041789329902511616,""median"":-0.0003776020120677592,""min"":-0.0019205449680300996,""missing_count"":0,""nonfinite_count"":0,""q25"":-0.0006380929193032206,""q75"":-0.0001718088420305928,""std_population"":0.0003970354001831622}","{""count"":960,""finite_count"":960,""invalid_count"":0,""max"":0.00020001619233563512,""mean"":-0.00011149861883368695,""median"":-9.754474345289593e-05,""min"":-0.0006290097943079471,""missing_count"":0,""nonfinite_count"":0,""q25"":-0.00017280720089365233,""q75"":-4.4575647646741344e-05,""std_population"":0.00010829349514701147}",833,127,0,827,133,0,Raw paired MSE differences only; no post-outcome log-ratio or CI is constructed.,"{""dropped_values"":0,""operator_difference_values_accounted_for"":960,""response_difference_values_accounted_for"":960}"
family2|20|in_family_interpolation|H4|fixed_rank_basis_vs_local_structured,family2,20,in_family_interpolation,4,fixed_rank_basis,local_structured,960,960,"{""AVAILABLE"":960,""NONCONVERGED"":0,""NONFINITE"":0,""OUTSIDE_TARGET"":0,""UNSTABLE"":0}","{""AVAILABLE"":960,""NONCONVERGED"":0,""NONFINITE"":0,""OUTSIDE_TARGET"":0,""UNSTABLE"":0}","{""count"":960,""finite_count"":960,""invalid_count"":0,""max"":0.000733137795240209,""mean"":-0.000442020263087673,""median"":-0.0004027210099894382,""min"":-0.0023973060313588323,""missing_count"":0,""nonfinite_count"":0,""q25"":-0.0006594905318050986,""q75"":-0.0001902493417759086,""std_population"":0.00043009917823907576}","{""count"":960,""finite_count"":960,""invalid_count"":0,""max"":0.00018963311561625033,""mean"":-0.00011824417217340897,""median"":-0.00010473391301497295,""min"":-0.0006389509004060024,""missing_count"":0,""nonfinite_count"":0,""q25"":-0.00017287789798081052,""q75"":-4.8677490546876375e-05,""std_population"":0.00011752964170957531}",832,128,0,829,131,0,Raw paired MSE differences only; no post-outcome log-ratio or CI is constructed.,"{""dropped_values"":0,""operator_difference_values_accounted_for"":960,""response_difference_values_accounted_for"":960}"
family2|50|cross_generator|H12|fixed_rank_basis_vs_causal_temporal_smoother,family2,50,cross_generator,12,fixed_rank_basis,causal_temporal_smoother,960,960,"{""AVAILABLE"":960,""NONCONVERGED"":0,""NONFINITE"":0,""OUTSIDE_TARGET"":0,""UNSTABLE"":0}","{""AVAILABLE"":960,""NONCONVERGED"":0,""NONFINITE"":0,""OUTSIDE_TARGET"":0,""UNSTABLE"":0}","{""count"":960,""finite_count"":960,""invalid_count"":0,""max"":0.00016389227880607188,""mean"":-0.00020217191256744887,""median"":-0.00019771040143486108,""min"":-0.0007568214744005481,""missing_count"":0,""nonfinite_count"":0,""q25"":-0.00028635035059831416,""q75"":-0.00010768213993799579,""std_population"":0.00013941006388458555}","{""count"":960,""finite_count"":960,""invalid_count"":0,""max"":1.395051614482229e-05,""mean"":-1.7692970841337636e-05,""median"":-1.719339094725274e-05,""min"":-6.87030362851834e-05,""missing_count"":0,""nonfinite_count"":0,""q25"":-2.4880841998477576e-05,""q75"":-9.566790639089966e-06,""std_population"":1.2171495982890007e-05}",901,59,0,901,59,0,Raw paired MSE differences only; no post-outcome log-ratio or CI is constructed.,"{""dropped_values"":0,""operator_difference_values_accounted_for"":960,""response_difference_values_accounted_for"":960}"
family2|50|cross_generator|H12|fixed_rank_basis_vs_local_structured,family2,50,cross_generator,12,fixed_rank_basis,local_structured,960,960,"{""AVAILABLE"":960,""NONCONVERGED"":0,""NONFINITE"":0,""OUTSIDE_TARGET"":0,""UNSTABLE"":0}","{""AVAILABLE"":960,""NONCONVERGED"":0,""NONFINITE"":0,""OUTSIDE_TARGET"":0,""UNSTABLE"":0}","{""count"":960,""finite_count"":960,""invalid_count"":0,""max"":0.00020687943840921603,""mean"":-0.00021548158723273884,""median"":-0.0002125701641900283,""min"":-0.0007770494952133016,""missing_count"":0,""nonfinite_count"":0,""q25"":-0.00029928134928937226,""q75"":-0.0001271559479841688,""std_population"":0.0001423305617322621}","{""count"":960,""finite_count"":960,""invalid_count"":0,""max"":1.632063523336155e-05,""mean"":-1.8831054714746724e-05,""median"":-1.8412235775335978e-05,""min"":-7.484706538607471e-05,""missing_count"":0,""nonfinite_count"":0,""q25"":-2.5779940981167102e-05,""q75"":-1.1159487176554763e-05,""std_population"":1.2516257421178253e-05}",911,49,0,909,51,0,Raw paired MSE differences only; no post-outcome log-ratio or CI is constructed.,"{""dropped_values"":0,""operator_difference_values_accounted_for"":960,""response_difference_values_accounted_for"":960}"
family2|50|cross_generator|H4|fixed_rank_basis_vs_causal_temporal_smoother,family2,50,cross_generator,4,fixed_rank_basis,causal_temporal_smoother,960,960,"{""AVAILABLE"":960,""NONCONVERGED"":0,""NONFINITE"":0,""OUTSIDE_TARGET"":0,""UNSTABLE"":0}","{""AVAILABLE"":960,""NONCONVERGED"":0,""NONFINITE"":0,""OUTSIDE_TARGET"":0,""UNSTABLE"":0}","{""count"":960,""finite_count"":960,""invalid_count"":0,""max"":0.00016389227880607188,""mean"":-0.00020217191256744887,""median"":-0.00019771040143486108,""min"":-0.0007568214744005481,""missing_count"":0,""nonfinite_count"":0,""q25"":-0.00028635035059831416,""q75"":-0.00010768213993799579,""std_population"":0.00013941006388458555}","{""count"":960,""finite_count"":960,""invalid_count"":0,""max"":4.192726028413781e-05,""mean"":-5.300400576121933e-05,""median"":-5.1494062172055785e-05,""min"":-0.0002057126583527402,""missing_count"":0,""nonfinite_count"":0,""q25"":-7.460456806709566e-05,""q75"":-2.870303384233555e-05,""std_population"":3.6462326874333743e-05}",901,59,0,901,59,0,Raw paired MSE differences only; no post-outcome log-ratio or CI is constructed.,"{""dropped_values"":0,""operator_difference_values_accounted_for"":960,""response_difference_values_accounted_for"":960}"
family2|50|cross_generator|H4|fixed_rank_basis_vs_local_structured,family2,50,cross_generator,4,fixed_rank_basis,local_structured,960,960,"{""AVAILABLE"":960,""NONCONVERGED"":0,""NONFINITE"":0,""OUTSIDE_TARGET"":0,""UNSTABLE"":0}","{""AVAILABLE"":960,""NONCONVERGED"":0,""NONFINITE"":0,""OUTSIDE_TARGET"":0,""UNSTABLE"":0}","{""count"":960,""finite_count"":960,""invalid_count"":0,""max"":0.00020687943840921603,""mean"":-0.00021548158723273884,""median"":-0.0002125701641900283,""min"":-0.0007770494952133016,""missing_count"":0,""nonfinite_count"":0,""q25"":-0.00029928134928937226,""q75"":-0.0001271559479841688,""std_population"":0.0001423305617322621}","{""count"":960,""finite_count"":960,""invalid_count"":0,""max"":4.895972798197969e-05,""mean"":-5.642234824478788e-05,""median"":-5.522239508308789e-05,""min"":-0.00022268962742447865,""missing_count"":0,""nonfinite_count"":0,""q25"":-7.733995743407958e-05,""q75"":-3.3370810326913704e-05,""std_population"":3.7460905304870874e-05}",911,49,0,909,51,0,Raw paired MSE differences only; no post-outcome log-ratio or CI is constructed.,"{""dropped_values"":0,""operator_difference_values_accounted_for"":960,""response_difference_values_accounted_for"":960}"
family2|50|in_family_interpolation|H12|fixed_rank_basis_vs_causal_temporal_smoother,family2,50,in_family_interpolation,12,fixed_rank_basis,causal_temporal_smoother,960,960,"{""AVAILABLE"":960,""NONCONVERGED"":0,""NONFINITE"":0,""OUTSIDE_TARGET"":0,""UNSTABLE"":0}","{""AVAILABLE"":960,""NONCONVERGED"":0,""NONFINITE"":0,""OUTSIDE_TARGET"":0,""UNSTABLE"":0}","{""count"":960,""finite_count"":960,""invalid_count"":0,""max"":0.00010782775358586494,""mean"":-0.0001626824483155844,""median"":-0.00015584601609735298,""min"":-0.0005631788490130759,""missing_count"":0,""nonfinite_count"":0,""q25"":-0.00021626119216248293,""q75"":-0.00010072643653863938,""std_population"":9.326636475833577e-05}","{""count"":960,""finite_count"":960,""invalid_count"":0,""max"":1.0119135999672965e-05,""mean"":-1.411824699723559e-05,""median"":-1.3271712652434964e-05,""min"":-5.2579829263893786e-05,""missing_count"":0,""nonfinite_count"":0,""q25"":-1.8761573880986388e-05,""q75"":-8.605459601471086e-06,""std_population"":8.418682765531439e-06}",935,25,0,931,29,0,Raw paired MSE differences only; no post-outcome log-ratio or CI is constructed.,"{""dropped_values"":0,""operator_difference_values_accounted_for"":960,""response_difference_values_accounted_for"":960}"
family2|50|in_family_interpolation|H12|fixed_rank_basis_vs_local_structured,family2,50,in_family_interpolation,12,fixed_rank_basis,local_structured,960,960,"{""AVAILABLE"":960,""NONCONVERGED"":0,""NONFINITE"":0,""OUTSIDE_TARGET"":0,""UNSTABLE"":0}","{""AVAILABLE"":960,""NONCONVERGED"":0,""NONFINITE"":0,""OUTSIDE_TARGET"":0,""UNSTABLE"":0}","{""count"":960,""finite_count"":960,""invalid_count"":0,""max"":0.0001320034875970772,""mean"":-0.00017583794763608815,""median"":-0.00016751850034382826,""min"":-0.0005297574599545868,""missing_count"":0,""nonfinite_count"":0,""q25"":-0.00022985854695706655,""q75"":-0.00011577192838172362,""std_population"":9.358556648001987e-05}","{""count"":960,""finite_count"":960,""invalid_count"":0,""max"":1.2012809900998025e-05,""mean"":-1.5298757854718032e-05,""median"":-1.4354057580125379e-05,""min"":-6.595006803895787e-05,""missing_count"":0,""nonfinite_count"":0,""q25"":-2.0117373432751224e-05,""q75"":-9.792058639173792e-06,""std_population"":8.554370995475597e-06}",940,20,0,938,22,0,Raw paired MSE differences only; no post-outcome log-ratio or CI is constructed.,"{""dropped_values"":0,""operator_difference_values_accounted_for"":960,""response_difference_values_accounted_for"":960}"
family2|50|in_family_interpolation|H4|fixed_rank_basis_vs_causal_temporal_smoother,family2,50,in_family_interpolation,4,fixed_rank_basis,causal_temporal_smoother,960,960,"{""AVAILABLE"":960,""NONCONVERGED"":0,""NONFINITE"":0,""OUTSIDE_TARGET"":0,""UNSTABLE"":0}","{""AVAILABLE"":960,""NONCONVERGED"":0,""NONFINITE"":0,""OUTSIDE_TARGET"":0,""UNSTABLE"":0}","{""count"":960,""finite_count"":960,""invalid_count"":0,""max"":0.00010782775358586494,""mean"":-0.0001626824483155844,""median"":-0.00015584601609735298,""min"":-0.0005631788490130759,""missing_count"":0,""nonfinite_count"":0,""q25"":-0.00021626119216248293,""q75"":-0.00010072643653863938,""std_population"":9.326636475833577e-05}","{""count"":960,""finite_count"":960,""invalid_count"":0,""max"":3.0342757828502983e-05,""mean"":-4.232107344454288e-05,""median"":-3.981474107283852e-05,""min"":-0.0001570638411419165,""missing_count"":0,""nonfinite_count"":0,""q25"":-5.628467597046861e-05,""q75"":-2.5815579897238758e-05,""std_population"":2.5189640252218415e-05}",935,25,0,931,29,0,Raw paired MSE differences only; no post-outcome log-ratio or CI is constructed.,"{""dropped_values"":0,""operator_difference_values_accounted_for"":960,""response_difference_values_accounted_for"":960}"
family2|50|in_family_interpolation|H4|fixed_rank_basis_vs_local_structured,family2,50,in_family_interpolation,4,fixed_rank_basis,local_structured,960,960,"{""AVAILABLE"":960,""NONCONVERGED"":0,""NONFINITE"":0,""OUTSIDE_TARGET"":0,""UNSTABLE"":0}","{""AVAILABLE"":960,""NONCONVERGED"":0,""NONFINITE"":0,""OUTSIDE_TARGET"":0,""UNSTABLE"":0}","{""count"":960,""finite_count"":960,""invalid_count"":0,""max"":0.0001320034875970772,""mean"":-0.00017583794763608815,""median"":-0.00016751850034382826,""min"":-0.0005297574599545868,""missing_count"":0,""nonfinite_count"":0,""q25"":-0.00022985854695706655,""q75"":-0.00011577192838172362,""std_population"":9.358556648001987e-05}","{""count"":960,""finite_count"":960,""invalid_count"":0,""max"":3.6025721632216624e-05,""mean"":-4.584708271828974e-05,""median"":-4.3058719520478206e-05,""min"":-0.00018925613674459604,""missing_count"":0,""nonfinite_count"":0,""q25"":-6.035177089078448e-05,""q75"":-2.9326732905586216e-05,""std_population"":2.5543018050826234e-05}",940,20,0,938,22,0,Raw paired MSE differences only; no post-outcome log-ratio or CI is constructed.,"{""dropped_values"":0,""operator_difference_values_accounted_for"":960,""response_difference_values_accounted_for"":960}"
