claim_id,manuscript_location,claim,evidence_source,experiment_or_artifact,scope,review_status,allowed_wording,prohibited_extension,review_goal
C001,"Abstract; Introduction; Results framework; Discussion","A collapsed map does not by itself define direct-only or alternative-topology responses without an additional identified inverse","Supplementary Note 1; preservation derivation; collapsed-map structural negative control","representation theorem and R001/R002 derivation","algebraic endpoint definition under the declared block class","supported","A separated representation defines the supplied-topology query; a collapsed map requires an additional identified inverse","Do not describe the structural negative control as a numerical recovery loser","novelty; rigour; clarity"
C002,"Abstract; Results validation; Discussion","Separated CP has lower operator and GIRF error than unrestricted local rolling in the replicated N=15/N=30 benchmark","output/natcs_evidence/summary_metrics.json; Supplementary Tables 2-3","original controlled synthetic scale benchmark","N=15 and N=30; 20 replications per reported primary row; original DGP; unrestricted rolling comparator","supported only in stated benchmark; not confirmatory for native held-out recovery","In the original controlled N=15/N=30 benchmark, separated CP reduced the reported errors relative to unrestricted rolling estimation","Do not generalise to native endpoint recovery, unseen topology families, or broad estimator superiority","rigour; clarity; generality"
C003,"Results validation; Discussion","CP and Tucker retain the same topology-response endpoints","fitted-object definitions; Supplementary Note 4","endpoint-availability comparison","declared separated direct/network reconstruction target","supported as availability only","Both separated reconstructions keep the declared response endpoints defined","Do not infer equal identification or successful statistical recovery","novelty; rigour; clarity"
C004,"Results validation; Figure 2","Collapsed and no-network representations leave some topology readouts outside their target","method definitions; availability matrix","structural negative controls","declared fitted-object outputs","supported","Mark unavailable endpoints as outside target before numerical scoring","Do not plot outside-target marks as zero-valued errors","clarity; visual communication; rigour"
C005,"Abstract; Results validation; Discussion","The tested CP/Tucker candidates achieve broad endpoint-aware native recovery","EXPERIMENT_AUDIT.md; EXPERIMENT_AUDIT.json; findings.md","R006c endpoint-aware post-remediation audit","N=20 T=200 simulation-only; 16 required cells per candidate","unsupported: CP 0/16; Tucker 6/16; native Tucker 0/8; no promotion","A stricter endpoint-aware benchmark did not validate broad native recovery by the tested candidates","Do not claim endpoint-aware superiority, native recovery, or promoted candidate status","rigour; novelty; generality"
C006,"Results RCEP; Discussion","The RCEP fixed-path coefficient difference is positive but full path re-estimation uncertainty includes zero","output/natcs_empirical_cp/rcep/selection_summary.json; Table 2","RCEP empirical operator check","15 economies; 36 retained dates; conditional pair bootstrap and 500-draw moving-block re-estimation sensitivity","supported with boundary","The fixed-path contrast is positive, while the re-estimation interval includes zero and limits directional interpretation","Do not call the result causal, robustly positive, or a policy effect","rigour; clarity"
C007,"Results generality; Figure 4; Discussion","The NYC topology-substitution contrast is near zero on a stable retained path","output/natcs_empirical_cp/nyc_taxi/aggregate_cp_metrics.csv; stability_summary.csv","NYC public operator check","15 mobility units; 69 post-window months; H=8; supplied topology","supported as computability and near-null boundary","The public mobility panel returns the declared readouts and a near-null aggregate topology contrast","Do not claim cross-domain recovery or substantive topology effect","generality; reproducibility; clarity"
C008,"Results generality; Discussion","The trade and mobility examples establish broad cross-domain generality","RCEP and NYC empirical artifacts","two descriptive operator checks","two N=15 panels using the same estimator family","unsupported as broad generality","The two panels illustrate the same readout in trade and mobility settings","Do not claim transfer across network families, scales, or data-generating regimes","generality; rigour"
C009,"Abstract; Introduction; Methods; Discussion","Topology substitution identifies causal effects of network formation or policy","predetermined/supplied topology design and stated limitations","empirical design boundary","fixed fitted coefficient path; topology supplied rather than modelled","unsupported and explicitly excluded","The contrasts describe propagation under a supplied topology on a fixed fitted path","Do not use causal, intervention effect, or mechanism language","rigour; clarity"
C010,"Data availability; Code availability","The complete study is independently reproducible from raw sources","availability statements; restricted IMF/MRIO inputs; future repository language","submission reproducibility package","derived-to-figure rebuild available; some raw sources provider-governed; DOI not yet deposited","partially supported","The derived package regenerates reported figures and tables; raw-panel reconstruction requires provider access","Do not state that a public DOI or unrestricted raw-to-result archive already exists","reproducibility"
